,band,species,beak length (mm),beak depth (mm),year
0,14613,fortis,9.1,7.0,1987
1,15487,fortis,9.14,7.12,1987
2,15187,fortis,9.24,7.21,1987
3,15284,fortis,9.2,7.3,1987
4,14983,fortis,8.83,7.32,1987
5,14913,fortis,9.14,7.41,1987
6,15726,fortis,9.04,7.42,1987
7,15821,fortis,10.56,7.43,1987
8,15484,fortis,9.7,7.45,1987
9,4968,fortis,9.25,7.5,1987
10,15695,fortis,9.5,7.5,1987
11,15272,fortis,9.34,7.51,1987
12,15256,fortis,9.64,7.51,1987
13,13907,fortis,9.04,7.64,1987
14,5578,fortis,9.8,7.65,1987
15,10376,fortis,9.28,7.68,1987
16,13377,fortis,9.5,7.7,1987
17,15225,fortis,10.8,7.8,1987
18,15914,fortis,9.24,7.81,1987
19,14760,fortis,10.24,7.81,1987
20,15779,fortis,9.74,7.86,1987
21,13901,fortis,9.2,7.9,1987
22,15277,fortis,9.95,7.9,1987
23,15285,fortis,9.34,7.92,1987
24,13194,fortis,9.35,7.92,1987
25,14967,fortis,10.1,7.92,1987
26,14800,fortis,9.96,7.93,1987
27,14612,fortis,9.27,7.95,1987
28,15154,fortis,9.4,7.95,1987
29,14123,fortis,9.68,7.96,1987
30,15368,fortis,10.19,7.97,1987
31,15873,fortis,10.0,8.0,1987
32,16027,fortis,10.25,8.0,1987
33,15353,fortis,11.3,8.0,1987
34,14265,fortis,9.83,8.02,1987
35,15014,fortis,11.04,8.02,1987
36,14969,fortis,10.16,8.03,1987
37,5627,fortis,10.74,8.03,1987
38,15973,fortis,10.19,8.06,1987
39,13468,fortis,9.46,8.09,1987
40,15214,fortis,9.5,8.1,1987
41,14978,fortis,9.7,8.1,1987
42,15909,fortis,10.0,8.1,1987
43,13996,fortis,10.05,8.1,1987
44,13543,fortis,10.3,8.1,1987
45,14634,fortis,10.5,8.1,1987
46,15804,fortis,9.94,8.11,1987
47,15493,fortis,10.04,8.11,1987
48,15363,fortis,10.24,8.11,1987
49,15286,fortis,9.2,8.2,1987
50,15019,fortis,9.3,8.2,1987
51,16112,fortis,10.04,8.21,1987
52,15270,fortis,10.34,8.21,1987
53,15874,fortis,10.34,8.21,1987
54,16007,fortis,10.04,8.22,1987
55,14860,fortis,9.86,8.23,1987
56,10313,fortis,9.73,8.24,1987
57,15490,fortis,9.45,8.25,1987
58,15106,fortis,10.0,8.25,1987
59,13539,fortis,9.78,8.27,1987
60,14912,fortis,9.64,8.28,1987
61,13244,fortis,9.8,8.3,1987
62,14822,fortis,10.0,8.3,1987
63,14909,fortis,10.0,8.3,1987
64,15944,fortis,10.8,8.3,1987
65,16170,fortis,9.64,8.31,1987
66,15477,fortis,10.14,8.31,1987
67,15111,fortis,10.24,8.31,1987
68,14686,fortis,10.74,8.31,1987
69,15915,fortis,10.74,8.31,1987
70,15759,fortis,11.14,8.31,1987
71,15850,fortis,11.24,8.31,1987
72,15977,fortis,9.84,8.32,1987
73,14632,fortis,9.86,8.33,1987
74,14982,fortis,9.96,8.33,1987
75,13306,fortis,10.57,8.34,1987
76,13351,fortis,10.0,8.35,1987
77,15288,fortis,10.95,8.35,1987
78,15079,fortis,9.89,8.36,1987
79,15402,fortis,9.99,8.36,1987
80,15248,fortis,9.1,8.4,1987
81,13881,fortis,9.8,8.4,1987
82,15879,fortis,9.85,8.4,1987
83,4830,fortis,10.0,8.4,1987
84,15679,fortis,10.0,8.4,1987
85,15806,fortis,10.0,8.4,1987
86,5887,fortis,10.18,8.4,1987
87,15845,fortis,10.4,8.4,1987
88,14890,fortis,10.9,8.4,1987
89,15875,fortis,10.04,8.41,1987
90,15381,fortis,10.14,8.41,1987
91,15382,fortis,10.24,8.41,1987
92,15453,fortis,10.54,8.41,1987
93,5555,fortis,9.04,8.42,1987
94,15127,fortis,9.24,8.42,1987
95,14628,fortis,10.06,8.43,1987
96,15379,fortis,10.26,8.43,1987
97,14939,fortis,10.2,8.45,1987
98,10100,fortis,10.93,8.45,1987
99,16172,fortis,10.64,8.47,1987
100,15188,fortis,10.74,8.47,1987
101,14611,fortis,9.4,8.5,1987
102,14025,fortis,9.55,8.5,1987
103,14970,fortis,9.8,8.5,1987
104,15970,fortis,9.83,8.5,1987
105,10760,fortis,10.0,8.5,1987
106,15706,fortis,10.0,8.5,1987
107,14762,fortis,10.3,8.5,1987
108,15829,fortis,10.6,8.5,1987
109,14743,fortis,11.5,8.5,1987
110,15933,fortis,10.24,8.51,1987
111,14836,fortis,10.5,8.51,1987
112,15940,fortis,10.84,8.51,1987
113,15995,fortis,9.94,8.52,1987
114,14704,fortis,10.36,8.53,1987
115,5685,fortis,9.8,8.55,1987
116,14833,fortis,10.09,8.56,1987
117,1536,fortis,9.8,8.6,1987
118,15163,fortis,9.9,8.6,1987
119,5556,fortis,10.0,8.6,1987
120,14902,fortis,10.0,8.6,1987
121,15342,fortis,10.0,8.6,1987
122,14894,fortis,10.1,8.6,1987
123,15761,fortis,11.3,8.6,1987
124,5628,fortis,12.0,8.6,1987
125,15497,fortis,10.14,8.61,1987
126,14932,fortis,10.34,8.61,1987
127,15374,fortis,10.34,8.61,1987
128,15175,fortis,10.54,8.61,1987
129,15724,fortis,10.54,8.61,1987
130,15680,fortis,10.94,8.61,1987
131,14827,fortis,11.04,8.61,1987
132,15296,fortis,11.14,8.61,1987
133,15711,fortis,11.14,8.61,1987
134,10066,fortis,11.24,8.61,1987
135,15322,fortis,12.14,8.61,1987
136,15262,fortis,9.94,8.62,1987
137,14840,fortis,9.95,8.62,1987
138,4229,fortis,10.05,8.62,1987
139,13195,fortis,10.35,8.62,1987
140,14829,fortis,10.86,8.63,1987
141,13994,fortis,10.18,8.64,1987
142,15464,fortis,9.45,8.65,1987
143,15865,fortis,10.19,8.66,1987
144,14831,fortis,10.84,8.66,1987
145,13269,fortis,9.4,8.7,1987
146,15184,fortis,9.5,8.7,1987
147,14096,fortis,9.8,8.7,1987
148,15245,fortis,9.85,8.7,1987
149,15143,fortis,10.0,8.7,1987
150,15712,fortis,10.1,8.7,1987
151,4715,fortis,10.4,8.7,1987
152,14832,fortis,10.45,8.7,1987
153,15757,fortis,10.57,8.7,1987
154,14694,fortis,10.8,8.7,1987
155,15388,fortis,10.9,8.7,1987
156,15224,fortis,11.4,8.7,1987
157,15018,fortis,9.64,8.71,1987
158,15981,fortis,10.04,8.71,1987
159,15228,fortis,10.24,8.71,1987
160,15663,fortis,10.44,8.71,1987
161,15983,fortis,10.54,8.71,1987
162,10198,fortis,10.64,8.71,1987
163,15657,fortis,10.84,8.71,1987
164,15990,fortis,10.94,8.71,1987
165,15123,fortis,11.14,8.71,1987
166,15855,fortis,11.14,8.71,1987
167,15005,fortis,11.29,8.71,1987
168,15617,fortis,11.79,8.71,1987
169,14880,fortis,9.84,8.72,1987
170,14742,fortis,11.15,8.72,1987
171,15080,fortis,9.76,8.73,1987
172,15273,fortis,10.06,8.73,1987
173,4859,fortis,10.87,8.73,1987
174,14767,fortis,11.86,8.73,1987
175,5602,fortis,10.83,8.74,1987
176,15978,fortis,10.39,8.76,1987
177,15246,fortis,10.64,8.76,1987
178,15264,fortis,9.7,8.77,1987
179,14867,fortis,10.09,8.77,1987
180,13687,fortis,10.67,8.77,1987
181,15306,fortis,10.95,8.77,1987
182,10347,fortis,9.96,8.79,1987
183,15420,fortis,9.7,8.8,1987
184,16016,fortis,9.97,8.8,1987
185,14042,fortis,10.1,8.8,1987
186,14797,fortis,10.37,8.8,1987
187,14761,fortis,10.9,8.8,1987
188,14858,fortis,10.9,8.8,1987
189,2749,fortis,11.1,8.8,1987
190,15244,fortis,11.15,8.8,1987
191,5872,fortis,11.8,8.8,1987
192,14680,fortis,10.14,8.81,1987
193,14763,fortis,10.19,8.81,1987
194,14892,fortis,10.24,8.81,1987
195,15176,fortis,10.24,8.81,1987
196,14795,fortis,10.54,8.81,1987
197,15040,fortis,10.54,8.81,1987
198,15733,fortis,10.54,8.81,1987
199,15367,fortis,10.74,8.81,1987
200,14535,fortis,11.24,8.81,1987
201,15268,fortis,11.24,8.81,1987
202,15883,fortis,10.05,8.82,1987
203,15220,fortis,10.24,8.82,1987
204,15430,fortis,10.94,8.82,1987
205,15404,fortis,10.59,8.86,1987
206,14841,fortis,9.9,8.87,1987
207,15313,fortis,10.04,8.87,1987
208,14868,fortis,10.35,8.87,1987
209,13385,fortis,11.2,8.87,1987
210,15301,fortis,11.8,8.88,1987
211,5626,fortis,11.1,8.89,1987
212,14928,fortis,10.0,8.9,1987
213,5965,fortis,10.1,8.9,1987
214,15182,fortis,10.1,8.9,1987
215,16162,fortis,10.13,8.9,1987
216,13582,fortis,10.2,8.9,1987
217,14811,fortis,10.33,8.9,1987
218,5669,fortis,10.4,8.9,1987
219,10703,fortis,10.4,8.9,1987
220,14684,fortis,10.7,8.9,1987
221,14809,fortis,10.7,8.9,1987
222,10548,fortis,10.9,8.9,1987
223,15387,fortis,10.9,8.9,1987
224,5721,fortis,11.1,8.9,1987
225,14808,fortis,11.6,8.9,1987
226,15223,fortis,11.6,8.9,1987
227,15795,fortis,11.8,8.9,1987
228,15274,fortis,10.44,8.91,1987
229,14664,fortis,10.54,8.91,1987
230,15854,fortis,10.64,8.91,1987
231,15941,fortis,10.74,8.91,1987
232,14258,fortis,10.76,8.91,1987
233,15852,fortis,10.79,8.91,1987
234,15132,fortis,10.84,8.91,1987
235,15659,fortis,11.04,8.91,1987
236,15431,fortis,11.29,8.91,1987
237,15378,fortis,11.84,8.91,1987
238,14749,fortis,10.04,8.92,1987
239,14533,fortis,11.1,8.92,1987
240,15348,fortis,11.2,8.92,1987
241,14636,fortis,10.76,8.93,1987
242,14671,fortis,10.76,8.93,1987
243,13575,fortis,11.0,8.93,1987
244,14685,fortis,11.46,8.93,1987
245,2639,fortis,10.3,8.95,1987
246,14478,fortis,10.9,8.95,1987
247,14681,fortis,9.94,8.96,1987
248,15630,fortis,10.24,8.96,1987
249,15229,fortis,10.99,8.96,1987
250,15337,fortis,10.47,8.97,1987
251,15332,fortis,10.7,8.97,1987
252,5330,fortis,12.21,8.97,1987
253,14403,fortis,10.35,8.98,1987
254,15232,fortis,10.52,8.98,1987
255,5554,fortis,10.0,9.0,1987
256,15054,fortis,10.3,9.0,1987
257,15157,fortis,10.6,9.0,1987
258,15488,fortis,10.75,9.0,1987
259,15241,fortis,10.8,9.0,1987
260,14915,fortis,11.0,9.0,1987
261,14788,fortis,12.0,9.0,1987
262,14846,fortis,10.04,9.01,1987
263,15631,fortis,10.24,9.01,1987
264,15715,fortis,10.24,9.01,1987
265,15496,fortis,10.34,9.01,1987
266,15758,fortis,10.34,9.01,1987
267,15791,fortis,10.64,9.01,1987
268,15311,fortis,11.24,9.01,1987
269,15684,fortis,11.54,9.01,1987
270,15785,fortis,11.54,9.01,1987
271,15465,fortis,10.74,9.02,1987
272,14712,fortis,11.04,9.02,1987
273,15230,fortis,10.1,9.03,1987
274,15318,fortis,10.76,9.03,1987
275,14356,fortis,10.04,9.04,1987
276,5389,fortis,10.27,9.04,1987
277,10232,fortis,10.87,9.04,1987
278,4936,fortis,10.0,9.05,1987
279,5587,fortis,10.35,9.05,1987
280,14741,fortis,11.04,9.06,1987
281,13486,fortis,9.98,9.07,1987
282,13579,fortis,10.03,9.07,1987
283,15822,fortis,10.49,9.07,1987
284,15412,fortis,10.5,9.07,1987
285,15153,fortis,10.57,9.07,1987
286,15055,fortis,10.8,9.07,1987
287,14669,fortis,11.34,9.07,1987
288,15863,fortis,11.69,9.07,1987
289,10102,fortis,10.98,9.08,1987
290,14883,fortis,11.51,9.08,1987
291,13522,fortis,9.66,9.09,1987
292,10685,fortis,10.46,9.09,1987
293,14872,fortis,9.7,9.1,1987
294,15333,fortis,10.5,9.1,1987
295,14765,fortis,10.6,9.1,1987
296,15389,fortis,10.83,9.1,1987
297,13932,fortis,10.9,9.1,1987
298,13365,fortis,11.3,9.1,1987
299,15066,fortis,11.4,9.1,1987
300,14723,fortis,12.0,9.1,1987
301,14659,fortis,10.24,9.11,1987
302,16111,fortis,10.24,9.11,1987
303,15011,fortis,10.34,9.11,1987
304,15047,fortis,10.35,9.11,1987
305,15781,fortis,10.89,9.11,1987
306,14826,fortis,10.9,9.11,1987
307,15499,fortis,11.04,9.11,1987
308,15065,fortis,11.09,9.11,1987
309,15832,fortis,11.14,9.11,1987
310,15934,fortis,11.14,9.11,1987
311,14784,fortis,11.34,9.11,1987
312,15611,fortis,11.34,9.11,1987
313,15325,fortis,11.54,9.11,1987
314,14672,fortis,10.54,9.12,1987
315,14347,fortis,10.63,9.12,1987
316,15105,fortis,10.85,9.12,1987
317,15233,fortis,10.85,9.12,1987
318,14838,fortis,10.95,9.12,1987
319,15359,fortis,11.04,9.12,1987
320,5828,fortis,11.25,9.12,1987
321,14824,fortis,11.25,9.12,1987
322,15048,fortis,10.46,9.13,1987
323,15321,fortis,11.96,9.13,1987
324,5817,fortis,10.49,9.14,1987
325,13690,fortis,10.73,9.14,1987
326,5507,fortis,11.07,9.14,1987
327,5858,fortis,10.45,9.15,1987
328,16089,fortis,10.65,9.15,1987
329,5718,fortis,10.71,9.15,1987
330,15408,fortis,11.2,9.15,1987
331,14692,fortis,11.25,9.15,1987
332,15027,fortis,10.37,9.17,1987
333,14518,fortis,10.72,9.17,1987
334,13389,fortis,12.22,9.19,1987
335,14871,fortis,9.5,9.2,1987
336,14041,fortis,10.0,9.2,1987
337,15126,fortis,10.2,9.2,1987
338,15369,fortis,10.4,9.2,1987
339,5826,fortis,10.55,9.2,1987
340,14100,fortis,10.6,9.2,1987
341,15125,fortis,10.6,9.2,1987
342,5927,fortis,10.7,9.2,1987
343,10213,fortis,10.7,9.2,1987
344,14062,fortis,10.7,9.2,1987
345,14879,fortis,10.7,9.2,1987
346,14854,fortis,10.75,9.2,1987
347,15056,fortis,10.8,9.2,1987
348,14652,fortis,10.9,9.2,1987
349,15450,fortis,10.9,9.2,1987
350,15601,fortis,10.9,9.2,1987
351,10023,fortis,11.0,9.2,1987
352,14921,fortis,11.3,9.2,1987
353,15926,fortis,11.9,9.2,1987
354,15151,fortis,10.24,9.21,1987
355,15263,fortis,10.39,9.21,1987
356,2833,fortis,10.63,9.21,1987
357,15707,fortis,10.84,9.21,1987
358,15454,fortis,11.14,9.21,1987
359,15409,fortis,11.24,9.21,1987
360,15985,fortis,11.24,9.21,1987
361,15215,fortis,11.34,9.21,1987
362,15261,fortis,11.34,9.21,1987
363,15903,fortis,12.14,9.21,1987
364,5725,fortis,11.03,9.22,1987
365,15772,fortis,11.04,9.22,1987
366,14605,fortis,11.2,9.22,1987
367,14696,fortis,11.06,9.23,1987
368,14701,fortis,11.16,9.23,1987
369,2737,fortis,10.21,9.24,1987
370,14124,fortis,10.97,9.24,1987
371,13708,fortis,11.83,9.24,1987
372,14732,fortis,10.9,9.25,1987
373,15710,fortis,11.0,9.25,1987
374,15727,fortis,11.0,9.25,1987
375,14679,fortis,10.5,9.27,1987
376,15396,fortis,10.63,9.27,1987
377,14956,fortis,10.85,9.27,1987
378,15373,fortis,11.45,9.27,1987
379,14901,fortis,10.1,9.3,1987
380,15247,fortis,10.3,9.3,1987
381,2738,fortis,10.4,9.3,1987
382,14279,fortis,10.5,9.3,1987
383,15399,fortis,10.6,9.3,1987
384,15130,fortis,10.9,9.3,1987
385,15174,fortis,10.9,9.3,1987
386,10183,fortis,11.0,9.3,1987
387,14471,fortis,11.0,9.3,1987
388,15289,fortis,11.15,9.3,1987
389,15428,fortis,11.15,9.3,1987
390,2537,fortis,11.3,9.3,1987
391,2666,fortis,12.81,9.3,1987
392,14896,fortis,10.09,9.31,1987
393,15971,fortis,10.84,9.31,1987
394,15189,fortis,10.94,9.31,1987
395,15500,fortis,11.04,9.31,1987
396,15820,fortis,11.04,9.31,1987
397,15474,fortis,11.14,9.31,1987
398,15938,fortis,11.14,9.31,1987
399,15987,fortis,11.14,9.31,1987
400,15463,fortis,11.24,9.31,1987
401,15746,fortis,11.24,9.31,1987
402,15801,fortis,11.24,9.31,1987
403,15739,fortis,11.34,9.31,1987
404,14643,fortis,10.95,9.32,1987
405,15310,fortis,10.66,9.33,1987
406,14770,fortis,10.96,9.33,1987
407,14792,fortis,10.96,9.33,1987
408,15191,fortis,11.56,9.33,1987
409,14744,fortis,10.4,9.35,1987
410,15950,fortis,10.6,9.35,1987
411,15788,fortis,10.75,9.35,1987
412,15376,fortis,10.9,9.35,1987
413,10716,fortis,10.73,9.37,1987
414,15155,fortis,11.2,9.37,1987
415,14874,fortis,9.9,9.4,1987
416,15326,fortis,10.0,9.4,1987
417,14629,fortis,10.2,9.4,1987
418,15238,fortis,10.4,9.4,1987
419,14705,fortis,10.5,9.4,1987
420,15838,fortis,11.1,9.4,1987
421,10826,fortis,11.2,9.4,1987
422,14171,fortis,11.3,9.4,1987
423,15346,fortis,11.8,9.4,1987
424,15426,fortis,10.34,9.41,1987
425,15633,fortis,11.24,9.41,1987
426,15709,fortis,11.44,9.41,1987
427,15904,fortis,11.54,9.41,1987
428,15323,fortis,12.04,9.41,1987
429,15152,fortis,10.94,9.42,1987
430,15605,fortis,11.1,9.42,1987
431,14546,fortis,11.67,9.42,1987
432,14923,fortis,13.57,9.42,1987
433,15129,fortis,10.61,9.43,1987
434,15165,fortis,10.66,9.43,1987
435,14641,fortis,10.96,9.43,1987
436,14794,fortis,10.96,9.43,1987
437,13409,fortis,11.21,9.43,1987
438,15110,fortis,11.55,9.43,1987
439,14884,fortis,11.96,9.43,1987
440,10330,fortis,10.67,9.44,1987
441,2658,fortis,10.8,9.44,1987
442,13552,fortis,11.3,9.44,1987
443,15482,fortis,10.8,9.45,1987
444,14900,fortis,11.0,9.45,1987
445,5635,fortis,11.51,9.45,1987
446,15929,fortis,11.6,9.45,1987
447,13704,fortis,10.67,9.47,1987
448,14766,fortis,10.77,9.47,1987
449,14940,fortis,11.3,9.47,1987
450,15308,fortis,11.55,9.47,1987
451,14823,fortis,11.6,9.47,1987
452,14722,fortis,12.15,9.47,1987
453,15613,fortis,10.4,9.5,1987
454,13644,fortis,10.5,9.5,1987
455,15360,fortis,10.5,9.5,1987
456,15939,fortis,10.5,9.5,1987
457,16168,fortis,10.5,9.5,1987
458,15395,fortis,10.8,9.5,1987
459,15885,fortis,10.8,9.5,1987
460,10081,fortis,10.9,9.5,1987
461,15648,fortis,10.9,9.5,1987
462,15734,fortis,10.9,9.5,1987
463,15398,fortis,11.0,9.5,1987
464,10670,fortis,11.1,9.5,1987
465,15041,fortis,11.1,9.5,1987
466,2862,fortis,11.15,9.5,1987
467,14675,fortis,11.2,9.5,1987
468,14687,fortis,11.5,9.5,1987
469,14957,fortis,11.8,9.5,1987
470,15447,fortis,12.9,9.5,1987
471,15042,fortis,11.04,9.51,1987
472,15028,fortis,11.14,9.51,1987
473,15642,fortis,11.14,9.51,1987
474,15329,fortis,11.24,9.51,1987
475,15660,fortis,11.24,9.51,1987
476,15714,fortis,11.24,9.51,1987
477,15767,fortis,11.64,9.51,1987
478,15316,fortis,11.84,9.51,1987
479,14948,fortis,10.7,9.52,1987
480,14621,fortis,11.2,9.52,1987
481,14720,fortis,12.0,9.52,1987
482,14937,fortis,11.36,9.53,1987
483,15131,fortis,11.86,9.53,1987
484,15616,fortis,12.16,9.53,1987
485,15840,fortis,10.85,9.55,1987
486,14893,fortis,11.0,9.55,1987
487,14958,fortis,11.29,9.56,1987
488,14676,fortis,11.0,9.57,1987
489,14839,fortis,11.94,9.57,1987
490,15370,fortis,12.25,9.57,1987
491,5335,fortis,11.96,9.59,1987
492,10751,fortis,10.0,9.6,1987
493,14713,fortis,10.4,9.6,1987
494,14615,fortis,10.7,9.6,1987
495,14825,fortis,10.7,9.6,1987
496,14040,fortis,10.8,9.6,1987
497,16117,fortis,10.8,9.6,1987
498,13075,fortis,10.85,9.6,1987
499,15339,fortis,10.9,9.6,1987
500,2847,fortis,11.0,9.6,1987
501,14916,fortis,11.1,9.6,1987
502,15390,fortis,11.15,9.6,1987
503,4843,fortis,11.17,9.6,1987
504,14492,fortis,11.2,9.6,1987
505,5560,fortis,11.3,9.6,1987
506,14678,fortis,11.5,9.6,1987
507,14866,fortis,11.7,9.6,1987
508,15612,fortis,11.9,9.6,1987
509,15158,fortis,12.1,9.6,1987
510,14793,fortis,9.14,9.61,1987
511,10194,fortis,11.02,9.61,1987
512,15949,fortis,11.04,9.61,1987
513,15475,fortis,11.24,9.61,1987
514,15722,fortis,11.24,9.61,1987
515,15210,fortis,11.44,9.61,1987
516,15839,fortis,11.44,9.61,1987
517,15908,fortis,11.44,9.61,1987
518,15049,fortis,11.54,9.61,1987
519,15764,fortis,11.54,9.61,1987
520,15667,fortis,10.84,9.62,1987
521,15004,fortis,10.5,9.63,1987
522,15293,fortis,10.86,9.63,1987
523,14774,fortis,11.06,9.63,1987
524,14842,fortis,11.15,9.63,1987
525,15969,fortis,11.26,9.63,1987
526,14790,fortis,11.36,9.63,1987
527,14887,fortis,12.16,9.63,1987
528,14677,fortis,11.6,9.65,1987
529,14710,fortis,11.65,9.65,1987
530,4378,fortis,10.64,9.66,1987
531,5586,fortis,10.2,9.67,1987
532,15197,fortis,11.04,9.67,1987
533,10550,fortis,11.88,9.69,1987
534,14917,fortis,10.3,9.7,1987
535,14816,fortis,10.7,9.7,1987
536,4899,fortis,10.87,9.7,1987
537,4911,fortis,11.0,9.7,1987
538,15196,fortis,11.0,9.7,1987
539,15607,fortis,11.0,9.7,1987
540,16173,fortis,11.13,9.7,1987
541,14751,fortis,11.2,9.7,1987
542,15113,fortis,11.2,9.7,1987
543,14688,fortis,11.3,9.7,1987
544,13807,fortis,11.4,9.7,1987
545,15001,fortis,11.4,9.7,1987
546,15239,fortis,11.04,9.71,1987
547,15212,fortis,11.14,9.71,1987
548,15753,fortis,11.14,9.71,1987
549,10228,fortis,11.24,9.71,1987
550,15644,fortis,11.24,9.71,1987
551,14609,fortis,11.29,9.71,1987
552,15655,fortis,10.34,9.72,1987
553,14617,fortis,11.14,9.72,1987
554,13837,fortis,11.58,9.72,1987
555,15172,fortis,11.84,9.72,1987
556,14670,fortis,12.44,9.72,1987
557,14736,fortis,10.96,9.73,1987
558,15012,fortis,11.46,9.73,1987
559,14807,fortis,11.67,9.73,1987
560,13945,fortis,10.43,9.74,1987
561,14412,fortis,10.73,9.74,1987
562,3569,fortis,10.94,9.74,1987
563,15857,fortis,11.94,9.76,1987
564,15478,fortis,11.1,9.77,1987
565,15930,fortis,12.05,9.77,1987
566,14739,fortis,10.81,9.78,1987
567,14633,fortis,11.29,9.78,1987
568,14674,fortis,10.5,9.8,1987
569,13201,fortis,10.7,9.8,1987
570,5026,fortis,10.9,9.8,1987
571,15193,fortis,10.9,9.8,1987
572,14746,fortis,11.0,9.8,1987
573,14963,fortis,11.0,9.8,1987
574,14971,fortis,11.0,9.8,1987
575,15385,fortis,11.1,9.8,1987
576,15015,fortis,11.2,9.8,1987
577,5505,fortis,11.4,9.8,1987
578,15621,fortis,11.6,9.8,1987
579,14987,fortis,11.7,9.8,1987
580,14820,fortis,11.8,9.8,1987
581,14889,fortis,11.8,9.8,1987
582,5504,fortis,11.9,9.8,1987
583,15302,fortis,12.3,9.8,1987
584,14942,fortis,11.19,9.81,1987
585,14856,fortis,11.24,9.81,1987
586,14849,fortis,11.34,9.81,1987
587,15203,fortis,11.49,9.81,1987
588,15670,fortis,11.64,9.81,1987
589,15371,fortis,11.74,9.81,1987
590,15856,fortis,11.74,9.81,1987
591,15377,fortis,10.94,9.82,1987
592,15979,fortis,11.04,9.82,1987
593,14796,fortis,11.15,9.82,1987
594,15145,fortis,11.3,9.82,1987
595,15058,fortis,10.96,9.83,1987
596,15692,fortis,11.16,9.83,1987
597,15033,fortis,11.26,9.83,1987
598,15255,fortis,12.1,9.83,1987
599,14620,fortis,10.7,9.85,1987
600,13781,fortis,12.3,9.85,1987
601,5625,fortis,10.94,9.86,1987
602,14783,fortis,11.39,9.86,1987
603,15053,fortis,12.01,9.86,1987
604,15150,fortis,10.94,9.87,1987
605,5921,fortis,11.2,9.87,1987
606,15358,fortis,11.34,9.87,1987
607,15383,fortis,11.7,9.87,1987
608,14886,fortis,11.86,9.88,1987
609,5570,fortis,10.8,9.9,1987
610,13975,fortis,11.0,9.9,1987
611,14930,fortis,11.2,9.9,1987
612,15433,fortis,11.3,9.9,1987
613,5400,fortis,11.5,9.9,1987
614,15473,fortis,11.5,9.9,1987
615,15124,fortis,11.7,9.9,1987
616,5614,fortis,11.8,9.9,1987
617,10305,fortis,11.82,9.9,1987
618,15148,fortis,11.9,9.9,1987
619,15849,fortis,12.0,9.9,1987
620,15665,fortis,11.14,9.91,1987
621,14955,fortis,11.74,9.91,1987
622,14721,fortis,11.84,9.91,1987
623,15682,fortis,12.24,9.91,1987
624,4721,fortis,10.95,9.92,1987
625,14660,fortis,11.14,9.92,1987
626,15355,fortis,11.84,9.92,1987
627,15653,fortis,11.84,9.92,1987
628,14711,fortis,12.05,9.92,1987
629,15281,fortis,12.17,9.92,1987
630,4190,fortis,11.04,9.93,1987
631,15650,fortis,11.06,9.93,1987
632,15112,fortis,11.16,9.93,1987
633,14974,fortis,11.46,9.93,1987
634,10080,fortis,11.1,9.95,1987
635,14943,fortis,11.85,9.95,1987
636,13760,fortis,10.67,9.96,1987
637,14689,fortis,11.2,9.96,1987
638,14117,fortis,10.6,10.0,1987
639,15674,fortis,10.6,10.0,1987
640,10679,fortis,10.9,10.0,1987
641,5963,fortis,11.0,10.0,1987
642,14818,fortis,11.0,10.0,1987
643,15749,fortis,11.0,10.0,1987
644,14781,fortis,11.1,10.0,1987
645,13231,fortis,11.13,10.0,1987
646,14174,fortis,11.2,10.0,1987
647,2776,fortis,11.3,10.0,1987
648,15140,fortis,11.3,10.0,1987
649,14745,fortis,11.5,10.0,1987
650,15951,fortis,11.5,10.0,1987
651,15291,fortis,11.7,10.0,1987
652,14752,fortis,11.9,10.0,1987
653,14772,fortis,12.0,10.0,1987
654,15603,fortis,12.8,10.0,1987
655,15062,fortis,11.44,10.01,1987
656,15003,fortis,11.94,10.01,1987
657,14961,fortis,11.84,10.02,1987
658,14346,fortis,11.93,10.02,1987
659,15073,fortis,10.66,10.03,1987
660,5860,fortis,11.55,10.05,1987
661,15681,fortis,12.29,10.06,1987
662,14817,fortis,11.5,10.07,1987
663,14618,fortis,11.16,10.08,1987
664,13300,fortis,11.06,10.09,1987
665,15183,fortis,11.2,10.1,1987
666,13413,fortis,11.3,10.1,1987
667,15897,fortis,11.6,10.1,1987
668,15249,fortis,11.7,10.1,1987
669,15199,fortis,11.34,10.11,1987
670,15920,fortis,11.44,10.11,1987
671,15099,fortis,11.49,10.11,1987
672,14865,fortis,11.74,10.11,1987
673,14333,fortis,11.03,10.12,1987
674,5789,fortis,11.28,10.12,1987
675,15309,fortis,11.45,10.12,1987
676,15317,fortis,11.84,10.12,1987
677,14895,fortis,10.96,10.13,1987
678,14738,fortis,11.26,10.13,1987
679,14926,fortis,12.66,10.13,1987
680,15448,fortis,13.96,10.13,1987
681,14812,fortis,11.05,10.15,1987
682,5960,fortis,11.4,10.15,1987
683,15461,fortis,11.44,10.16,1987
684,4677,fortis,11.02,10.17,1987
685,13595,fortis,11.4,10.17,1987
686,14656,fortis,11.9,10.17,1987
687,14657,fortis,10.25,10.2,1987
688,14992,fortis,11.0,10.2,1987
689,14777,fortis,11.6,10.2,1987
690,15304,fortis,12.3,10.2,1987
691,14619,fortis,11.54,10.21,1987
692,14753,fortis,11.54,10.21,1987
693,14650,fortis,11.74,10.21,1987
694,15315,fortis,11.74,10.21,1987
695,14627,fortis,10.86,10.23,1987
696,15295,fortis,11.96,10.23,1987
697,10658,fortis,11.15,10.27,1987
698,4946,fortis,11.42,10.27,1987
699,14655,fortis,11.33,10.29,1987
700,5731,fortis,10.8,10.3,1987
701,5559,fortis,11.0,10.3,1987
702,15338,fortis,11.1,10.3,1987
703,10622,fortis,11.3,10.3,1987
704,2984,fortis,11.4,10.3,1987
705,14851,fortis,11.4,10.3,1987
706,5060,fortis,11.8,10.3,1987
707,14003,fortis,11.8,10.32,1987
708,5844,fortis,11.83,10.32,1987
709,14805,fortis,11.06,10.33,1987
710,3527,fortis,11.79,10.33,1987
711,14919,fortis,11.87,10.33,1987
712,15830,fortis,12.27,10.33,1987
713,14468,fortis,11.83,10.34,1987
714,5847,fortis,11.93,10.34,1987
715,2753,fortis,10.89,10.35,1987
716,15471,fortis,11.6,10.35,1987
717,15609,fortis,11.8,10.35,1987
718,15444,fortis,12.85,10.35,1987
719,15025,fortis,11.29,10.37,1987
720,14873,fortis,11.6,10.4,1987
721,15101,fortis,11.7,10.4,1987
722,15458,fortis,11.9,10.4,1987
723,15037,fortis,12.0,10.4,1987
724,15171,fortis,12.0,10.4,1987
725,14925,fortis,12.75,10.4,1987
726,15411,fortis,12.24,10.41,1987
727,14616,fortis,11.65,10.42,1987
728,14922,fortis,11.76,10.43,1987
729,5905,fortis,11.86,10.43,1987
730,4993,fortis,11.44,10.45,1987
731,14662,fortis,11.0,10.5,1987
732,5904,fortis,11.1,10.5,1987
733,10181,fortis,11.1,10.5,1987
734,15702,fortis,11.7,10.5,1987
735,5543,fortis,11.8,10.5,1987
736,720,fortis,12.2,10.5,1987
737,15413,fortis,11.54,10.51,1987
738,15392,fortis,11.64,10.51,1987
739,15947,fortis,11.94,10.51,1987
740,15955,fortis,12.34,10.51,1987
741,15021,fortis,11.0,10.52,1987
742,14625,fortis,11.84,10.52,1987
743,14651,fortis,11.84,10.52,1987
744,14848,fortis,11.36,10.53,1987
745,15147,fortis,11.46,10.53,1987
746,15980,fortis,11.56,10.53,1987
747,4876,fortis,10.34,10.55,1987
748,1469,fortis,11.73,10.56,1987
749,15372,fortis,12.25,10.57,1987
750,5649,fortis,11.55,10.59,1987
751,3393,fortis,11.7,10.6,1987
752,15216,fortis,11.9,10.6,1987
753,15688,fortis,11.54,10.61,1987
754,5821,fortis,12.32,10.62,1987
755,14870,fortis,11.95,10.67,1987
756,13407,fortis,11.27,10.68,1987
757,14993,fortis,12.3,10.7,1987
758,14663,fortis,11.65,10.72,1987
759,14991,fortis,12.4,10.72,1987
760,15170,fortis,12.84,10.72,1987
761,14804,fortis,11.76,10.73,1987
762,1774,fortis,11.9,10.75,1987
763,14149,fortis,10.9,10.8,1987
764,14622,fortis,11.0,10.8,1987
765,15948,fortis,11.6,10.8,1987
766,2536,fortis,11.44,10.84,1987
767,14624,fortis,11.85,10.85,1987
768,2743,fortis,12.1,10.85,1987
769,5370,fortis,12.73,10.88,1987
770,14706,fortis,11.5,10.9,1987
771,15825,fortis,11.8,10.9,1987
772,10178,fortis,11.7,11.0,1987
773,15910,fortis,11.85,11.0,1987
774,15976,fortis,12.2,11.0,1987
775,14550,fortis,13.65,11.02,1987
776,13487,fortis,11.78,11.07,1987
777,14649,fortis,11.7,11.1,1987
778,4986,fortis,11.87,11.17,1987
779,15651,fortis,12.8,11.2,1987
780,15954,fortis,12.04,11.21,1987
781,15905,fortis,11.46,11.38,1987
782,14442,fortis,11.53,11.38,1987
783,14408,fortis,11.23,11.49,1987
784,15877,fortis,12.26,11.53,1987
785,5110,fortis,14.07,12.37,1987
786,3597,fortis,13.03,12.7,1987
787,15718,scandens,10.75,7.77,1987
788,5594,scandens,13.73,7.94,1987
789,15235,scandens,14.04,7.96,1987
790,15252,scandens,12.5,8.0,1987
791,15847,scandens,12.64,8.01,1987
792,15139,scandens,12.66,8.23,1987
793,15237,scandens,13.0,8.3,1987
794,4045,scandens,13.15,8.36,1987
795,8443,scandens,13.96,8.37,1987
796,15798,scandens,13.15,8.4,1987
797,14786,scandens,13.7,8.4,1987
798,364,scandens,14.0,8.4,1987
799,10001,scandens,13.43,8.41,1987
800,15119,scandens,14.0,8.5,1987
801,15676,scandens,14.9,8.5,1987
802,15476,scandens,13.6,8.6,1987
803,14576,scandens,13.8,8.6,1987
804,15419,scandens,14.9,8.6,1987
805,15635,scandens,13.94,8.61,1987
806,2733,scandens,14.81,8.67,1987
807,15751,scandens,12.5,8.7,1987
808,14834,scandens,13.75,8.7,1987
809,4109,scandens,14.0,8.7,1987
810,15901,scandens,14.5,8.7,1987
811,14830,scandens,14.7,8.7,1987
812,15086,scandens,14.05,8.72,1987
813,15986,scandens,14.17,8.72,1987
814,4223,scandens,15.07,8.77,1987
815,15725,scandens,11.5,8.8,1987
816,13554,scandens,13.5,8.8,1987
817,15407,scandens,13.87,8.8,1987
818,3425,scandens,14.9,8.8,1987
819,15704,scandens,12.34,8.81,1987
820,15102,scandens,14.34,8.81,1987
821,5582,scandens,15.07,8.87,1987
822,15121,scandens,14.01,8.88,1987
823,10770,scandens,12.86,8.89,1987
824,14755,scandens,13.6,8.9,1987
825,13555,scandens,13.8,8.9,1987
826,15765,scandens,13.85,8.9,1987
827,15243,scandens,13.9,8.9,1987
828,8441,scandens,14.1,8.9,1987
829,10067,scandens,14.1,8.9,1987
830,15406,scandens,14.2,8.9,1987
831,15234,scandens,14.3,8.9,1987
832,15608,scandens,14.9,8.9,1987
833,14758,scandens,13.84,8.91,1987
834,14835,scandens,14.09,8.91,1987
835,15882,scandens,14.05,8.92,1987
836,14787,scandens,14.15,8.93,1987
837,14727,scandens,14.25,8.93,1987
838,5351,scandens,13.6,8.95,1987
839,15859,scandens,14.57,8.95,1987
840,15721,scandens,11.89,8.96,1987
841,5663,scandens,13.8,8.97,1987
842,2543,scandens,14.21,8.97,1987
843,5013,scandens,14.76,8.99,1987
844,10394,scandens,12.07,9.0,1987
845,17548,scandens,13.9,9.0,1987
846,14647,scandens,14.1,9.0,1987
847,13548,scandens,14.3,9.0,1987
848,5345,scandens,14.95,9.0,1987
849,15760,scandens,14.34,9.01,1987
850,15685,scandens,13.84,9.02,1987
851,14731,scandens,14.04,9.02,1987
852,14906,scandens,14.14,9.02,1987
853,15330,scandens,12.56,9.03,1987
854,4577,scandens,15.14,9.04,1987
855,4744,scandens,14.35,9.05,1987
856,10984,scandens,14.85,9.05,1987
857,14759,scandens,14.04,9.06,1987
858,15639,scandens,14.2,9.1,1987
859,15090,scandens,14.3,9.1,1987
860,4221,scandens,14.5,9.1,1987
861,15422,scandens,14.5,9.1,1987
862,15441,scandens,14.6,9.1,1987
863,15736,scandens,15.0,9.1,1987
864,4683,scandens,13.6,9.13,1987
865,14768,scandens,14.65,9.13,1987
866,5375,scandens,14.03,9.14,1987
867,14843,scandens,14.16,9.18,1987
868,2554,scandens,13.83,9.2,1987
869,14995,scandens,14.2,9.2,1987
870,15638,scandens,14.35,9.2,1987
871,15837,scandens,14.45,9.2,1987
872,10002,scandens,14.64,9.21,1987
873,14584,scandens,15.04,9.21,1987
874,14730,scandens,13.9,9.22,1987
875,3458,scandens,14.34,9.24,1987
876,5911,scandens,14.53,9.24,1987
877,2760,scandens,14.2,9.25,1987
878,15812,scandens,14.85,9.25,1987
879,5367,scandens,15.1,9.25,1987
880,10174,scandens,15.2,9.25,1987
881,1645,scandens,13.5,9.26,1987
882,4090,scandens,14.95,9.26,1987
883,5576,scandens,13.83,9.28,1987
884,14975,scandens,13.95,9.28,1987
885,2877,scandens,15.09,9.28,1987
886,10206,scandens,13.43,9.3,1987
887,4778,scandens,13.7,9.3,1987
888,5322,scandens,14.0,9.3,1987
889,10207,scandens,14.15,9.3,1987
890,10740,scandens,14.75,9.3,1987
891,8450,scandens,14.9,9.3,1987
892,10517,scandens,15.0,9.3,1987
893,2758,scandens,13.56,9.32,1987
894,14729,scandens,14.26,9.33,1987
895,10743,scandens,13.83,9.34,1987
896,13527,scandens,14.53,9.34,1987
897,8444,scandens,14.84,9.34,1987
898,15738,scandens,15.0,9.35,1987
899,2445,scandens,13.76,9.37,1987
900,5931,scandens,13.9,9.37,1987
901,14728,scandens,14.29,9.37,1987
902,15615,scandens,14.63,9.37,1987
903,14646,scandens,14.3,9.38,1987
904,13526,scandens,13.6,9.4,1987
905,15343,scandens,14.4,9.4,1987
906,10105,scandens,14.9,9.4,1987
907,14645,scandens,14.9,9.4,1987
908,2433,scandens,14.34,9.42,1987
909,10268,scandens,14.53,9.43,1987
910,10245,scandens,14.65,9.45,1987
911,4706,scandens,14.8,9.5,1987
912,14918,scandens,16.0,9.5,1987
913,15694,scandens,13.14,9.51,1987
914,15421,scandens,14.44,9.51,1987
915,14208,scandens,12.73,9.52,1987
916,1396,scandens,15.04,9.54,1987
917,1444,scandens,14.85,9.55,1987
918,4051,scandens,14.2,9.6,1987
919,10061,scandens,15.2,9.6,1987
920,4701,scandens,16.0,9.6,1987
921,13257,scandens,14.47,9.62,1987
922,2949,scandens,14.54,9.64,1987
923,14946,scandens,14.9,9.65,1987
924,5656,scandens,14.9,9.7,1987
925,5608,scandens,15.8,9.7,1987
926,15352,scandens,13.46,9.73,1987
927,15817,scandens,14.77,9.73,1987
928,4119,scandens,14.44,9.74,1987
929,10223,scandens,15.2,9.8,1987
930,2969,scandens,16.0,9.8,1987
931,14648,scandens,14.4,9.82,1987
932,15658,scandens,14.45,9.85,1987
933,13256,scandens,15.35,9.85,1987
934,8425,scandens,14.2,9.9,1987
935,14524,scandens,15.3,9.9,1987
936,10075,scandens,14.27,9.94,1987
937,4137,scandens,15.8,10.0,1987
938,14847,scandens,15.3,10.1,1987
939,15886,scandens,11.24,10.11,1987
940,14877,scandens,15.2,10.27,1987
941,8036,scandens,15.44,10.34,1987
942,14579,scandens,14.96,11.33,1987
943,2639,fortis,10.3,8.95,1991
944,2666,fortis,12.81,9.3,1991
945,2753,fortis,10.89,10.35,1991
946,2776,fortis,11.3,10.0,1991
947,4229,fortis,10.05,8.62,1991
948,4677,fortis,11.02,10.17,1991
949,4715,fortis,10.4,8.7,1991
950,4899,fortis,10.87,9.7,1991
951,4911,fortis,11.0,9.7,1991
952,4936,fortis,10.0,9.05,1991
953,4946,fortis,11.42,10.27,1991
954,5026,fortis,10.9,9.8,1991
955,5110,fortis,14.07,12.37,1991
956,5370,fortis,12.73,10.88,1991
957,5505,fortis,11.4,9.8,1991
958,5555,fortis,9.04,8.42,1991
959,5578,fortis,9.8,7.65,1991
960,5586,fortis,10.2,9.67,1991
961,5602,fortis,10.83,8.74,1991
962,5625,fortis,10.94,9.86,1991
963,5626,fortis,11.1,8.89,1991
964,5669,fortis,10.4,8.9,1991
965,5685,fortis,9.8,8.55,1991
966,5721,fortis,11.1,8.9,1991
967,5731,fortis,10.8,10.3,1991
968,5821,fortis,12.32,10.62,1991
969,5826,fortis,10.55,9.2,1991
970,5860,fortis,11.55,10.05,1991
971,5872,fortis,11.8,8.8,1991
972,5887,fortis,10.18,8.4,1991
973,5904,fortis,11.1,10.5,1991
974,5905,fortis,11.86,10.43,1991
975,5921,fortis,11.2,9.87,1991
976,5927,fortis,10.7,9.2,1991
977,5960,fortis,11.4,10.15,1991
978,10081,fortis,10.9,9.5,1991
979,10100,fortis,10.93,8.45,1991
980,10102,fortis,10.98,9.08,1991
981,10181,fortis,11.1,10.5,1991
982,10213,fortis,10.7,9.2,1991
983,10305,fortis,11.82,9.9,1991
984,10376,fortis,9.28,7.68,1991
985,10679,fortis,10.9,10.0,1991
986,10826,fortis,11.2,9.4,1991
987,13269,fortis,9.4,8.7,1991
988,13300,fortis,11.06,10.09,1991
989,13351,fortis,10.0,8.35,1991
990,13385,fortis,11.2,8.87,1991
991,13486,fortis,9.98,9.07,1991
992,13543,fortis,10.3,8.1,1991
993,13575,fortis,11.0,8.93,1991
994,13595,fortis,11.4,10.17,1991
995,13644,fortis,10.5,9.5,1991
996,13687,fortis,10.67,8.77,1991
997,13704,fortis,10.67,9.47,1991
998,13837,fortis,11.58,9.72,1991
999,13945,fortis,10.43,9.74,1991
1000,13975,fortis,11.0,9.9,1991
1001,13994,fortis,10.18,8.64,1991
1002,14003,fortis,11.8,10.32,1991
1003,14041,fortis,10.0,9.2,1991
1004,14062,fortis,10.7,9.2,1991
1005,14100,fortis,10.6,9.2,1991
1006,14117,fortis,10.6,10.0,1991
1007,14258,fortis,10.76,8.91,1991
1008,14347,fortis,10.63,9.12,1991
1009,14442,fortis,11.53,11.38,1991
1010,14468,fortis,11.83,10.34,1991
1011,14478,fortis,10.9,8.95,1991
1012,14492,fortis,11.2,9.6,1991
1013,14518,fortis,10.72,9.17,1991
1014,14533,fortis,11.1,8.92,1991
1015,14612,fortis,9.27,7.95,1991
1016,14613,fortis,9.1,7.0,1991
1017,14620,fortis,10.7,9.85,1991
1018,14624,fortis,11.85,10.85,1991
1019,14625,fortis,11.84,10.52,1991
1020,14633,fortis,11.29,9.78,1991
1021,14655,fortis,11.33,10.29,1991
1022,14656,fortis,11.9,10.17,1991
1023,14660,fortis,11.14,9.92,1991
1024,14672,fortis,10.54,9.12,1991
1025,14674,fortis,10.5,9.8,1991
1026,14676,fortis,11.0,9.57,1991
1027,14678,fortis,11.5,9.6,1991
1028,14681,fortis,9.94,8.96,1991
1029,14684,fortis,10.7,8.9,1991
1030,14686,fortis,10.74,8.31,1991
1031,14687,fortis,11.5,9.5,1991
1032,14689,fortis,11.2,9.96,1991
1033,14692,fortis,11.25,9.15,1991
1034,14694,fortis,10.8,8.7,1991
1035,14705,fortis,10.5,9.4,1991
1036,14706,fortis,11.5,10.9,1991
1037,14710,fortis,11.65,9.65,1991
1038,14720,fortis,12.0,9.52,1991
1039,14722,fortis,12.15,9.47,1991
1040,14723,fortis,12.0,9.1,1991
1041,14741,fortis,11.04,9.06,1991
1042,14745,fortis,11.5,10.0,1991
1043,14752,fortis,11.9,10.0,1991
1044,14762,fortis,10.3,8.5,1991
1045,14763,fortis,10.19,8.81,1991
1046,14777,fortis,11.6,10.2,1991
1047,14783,fortis,11.39,9.86,1991
1048,14784,fortis,11.34,9.11,1991
1049,14788,fortis,12.0,9.0,1991
1050,14796,fortis,11.15,9.82,1991
1051,14797,fortis,10.37,8.8,1991
1052,14808,fortis,11.6,8.9,1991
1053,14811,fortis,10.33,8.9,1991
1054,14812,fortis,11.05,10.15,1991
1055,14818,fortis,11.0,10.0,1991
1056,14822,fortis,10.0,8.3,1991
1057,14841,fortis,9.9,8.87,1991
1058,14846,fortis,10.04,9.01,1991
1059,14854,fortis,10.75,9.2,1991
1060,14856,fortis,11.24,9.81,1991
1061,14858,fortis,10.9,8.8,1991
1062,14866,fortis,11.7,9.6,1991
1063,14873,fortis,11.6,10.4,1991
1064,14879,fortis,10.7,9.2,1991
1065,14880,fortis,9.84,8.72,1991
1066,14890,fortis,10.9,8.4,1991
1067,14900,fortis,11.0,9.45,1991
1068,14901,fortis,10.1,9.3,1991
1069,14902,fortis,10.0,8.6,1991
1070,14909,fortis,10.0,8.3,1991
1071,14912,fortis,9.64,8.28,1991
1072,14913,fortis,9.14,7.41,1991
1073,14915,fortis,11.0,9.0,1991
1074,14919,fortis,11.87,10.33,1991
1075,14925,fortis,12.75,10.4,1991
1076,14930,fortis,11.2,9.9,1991
1077,14939,fortis,10.2,8.45,1991
1078,14955,fortis,11.74,9.91,1991
1079,14956,fortis,10.85,9.27,1991
1080,14957,fortis,11.8,9.5,1991
1081,14958,fortis,11.29,9.56,1991
1082,14963,fortis,11.0,9.8,1991
1083,14970,fortis,9.8,8.5,1991
1084,14971,fortis,11.0,9.8,1991
1085,14978,fortis,9.7,8.1,1991
1086,14983,fortis,8.83,7.32,1991
1087,15001,fortis,11.4,9.7,1991
1088,15004,fortis,10.5,9.63,1991
1089,15005,fortis,11.29,8.71,1991
1090,15014,fortis,11.04,8.02,1991
1091,15015,fortis,11.2,9.8,1991
1092,15018,fortis,9.64,8.71,1991
1093,15025,fortis,11.29,10.37,1991
1094,15027,fortis,10.37,9.17,1991
1095,15037,fortis,12.0,10.4,1991
1096,15041,fortis,11.1,9.5,1991
1097,15047,fortis,10.35,9.11,1991
1098,15049,fortis,11.54,9.61,1991
1099,15054,fortis,10.3,9.0,1991
1100,15065,fortis,11.09,9.11,1991
1101,15066,fortis,11.4,9.1,1991
1102,15079,fortis,9.89,8.36,1991
1103,15106,fortis,10.0,8.25,1991
1104,15111,fortis,10.24,8.31,1991
1105,15125,fortis,10.6,9.2,1991
1106,15127,fortis,9.24,8.42,1991
1107,15150,fortis,10.94,9.87,1991
1108,15153,fortis,10.57,9.07,1991
1109,15154,fortis,9.4,7.95,1991
1110,15158,fortis,12.1,9.6,1991
1111,15170,fortis,12.84,10.72,1991
1112,15172,fortis,11.84,9.72,1991
1113,15182,fortis,10.1,8.9,1991
1114,15183,fortis,11.2,10.1,1991
1115,15188,fortis,10.74,8.47,1991
1116,15197,fortis,11.04,9.67,1991
1117,15210,fortis,11.44,9.61,1991
1118,15220,fortis,10.24,8.82,1991
1119,15223,fortis,11.6,8.9,1991
1120,15225,fortis,10.8,7.8,1991
1121,15229,fortis,10.99,8.96,1991
1122,15230,fortis,10.1,9.03,1991
1123,15232,fortis,10.52,8.98,1991
1124,15238,fortis,10.4,9.4,1991
1125,15241,fortis,10.8,9.0,1991
1126,15244,fortis,11.15,8.8,1991
1127,15246,fortis,10.64,8.76,1991
1128,15261,fortis,11.34,9.21,1991
1129,15263,fortis,10.39,9.21,1991
1130,15277,fortis,9.95,7.9,1991
1131,15281,fortis,12.17,9.92,1991
1132,15284,fortis,9.2,7.3,1991
1133,15285,fortis,9.34,7.92,1991
1134,15286,fortis,9.2,8.2,1991
1135,15288,fortis,10.95,8.35,1991
1136,15289,fortis,11.15,9.3,1991
1137,15291,fortis,11.7,10.0,1991
1138,15309,fortis,11.45,10.12,1991
1139,15313,fortis,10.04,8.87,1991
1140,15317,fortis,11.84,10.12,1991
1141,15337,fortis,10.47,8.97,1991
1142,15339,fortis,10.9,9.6,1991
1143,15346,fortis,11.8,9.4,1991
1144,15359,fortis,11.04,9.12,1991
1145,15376,fortis,10.9,9.35,1991
1146,15383,fortis,11.7,9.87,1991
1147,15385,fortis,11.1,9.8,1991
1148,15389,fortis,10.83,9.1,1991
1149,15392,fortis,11.64,10.51,1991
1150,15396,fortis,10.63,9.27,1991
1151,15402,fortis,9.99,8.36,1991
1152,15408,fortis,11.2,9.15,1991
1153,15412,fortis,10.5,9.07,1991
1154,15428,fortis,11.15,9.3,1991
1155,15431,fortis,11.29,8.91,1991
1156,15444,fortis,12.85,10.35,1991
1157,15464,fortis,9.45,8.65,1991
1158,15471,fortis,11.6,10.35,1991
1159,15478,fortis,11.1,9.77,1991
1160,15484,fortis,9.7,7.45,1991
1161,15601,fortis,10.9,9.2,1991
1162,15607,fortis,11.0,9.7,1991
1163,15621,fortis,11.6,9.8,1991
1164,15648,fortis,10.9,9.5,1991
1165,15650,fortis,11.06,9.93,1991
1166,15651,fortis,12.8,11.2,1991
1167,15659,fortis,11.04,8.91,1991
1168,15665,fortis,11.14,9.91,1991
1169,15667,fortis,10.84,9.62,1991
1170,15679,fortis,10.0,8.4,1991
1171,15681,fortis,12.29,10.06,1991
1172,15695,fortis,9.5,7.5,1991
1173,15702,fortis,11.7,10.5,1991
1174,15706,fortis,10.0,8.5,1991
1175,15726,fortis,9.04,7.42,1991
1176,15727,fortis,11.0,9.25,1991
1177,15734,fortis,10.9,9.5,1991
1178,15757,fortis,10.57,8.7,1991
1179,15761,fortis,11.3,8.6,1991
1180,15779,fortis,9.74,7.86,1991
1181,15788,fortis,10.75,9.35,1991
1182,15822,fortis,10.49,9.07,1991
1183,15830,fortis,12.27,10.33,1991
1184,15838,fortis,11.1,9.4,1991
1185,15840,fortis,10.85,9.55,1991
1186,15845,fortis,10.4,8.4,1991
1187,15854,fortis,10.64,8.91,1991
1188,15857,fortis,11.94,9.76,1991
1189,15863,fortis,11.69,9.07,1991
1190,15873,fortis,10.0,8.0,1991
1191,15885,fortis,10.8,9.5,1991
1192,15897,fortis,11.6,10.1,1991
1193,15914,fortis,9.24,7.81,1991
1194,15915,fortis,10.74,8.31,1991
1195,15920,fortis,11.44,10.11,1991
1196,15929,fortis,11.6,9.45,1991
1197,15930,fortis,12.05,9.77,1991
1198,15934,fortis,11.14,9.11,1991
1199,15939,fortis,10.5,9.5,1991
1200,15944,fortis,10.8,8.3,1991
1201,15948,fortis,11.6,10.8,1991
1202,15950,fortis,10.6,9.35,1991
1203,15951,fortis,11.5,10.0,1991
1204,15970,fortis,9.83,8.5,1991
1205,15973,fortis,10.19,8.06,1991
1206,15977,fortis,9.84,8.32,1991
1207,15978,fortis,10.39,8.76,1991
1208,15979,fortis,11.04,9.82,1991
1209,15983,fortis,10.54,8.71,1991
1210,15995,fortis,9.94,8.52,1991
1211,16007,fortis,10.04,8.22,1991
1212,16016,fortis,9.97,8.8,1991
1213,16024,fortis,9.0,7.4,1991
1214,16027,fortis,10.25,8.0,1991
1215,16028,fortis,11.1,9.65,1991
1216,16044,fortis,10.75,8.9,1991
1217,16091,fortis,9.33,7.7,1991
1218,16093,fortis,10.5,8.4,1991
1219,16095,fortis,10.0,8.15,1991
1220,16096,fortis,10.6,8.8,1991
1221,16135,fortis,11.5,9.4,1991
1222,16141,fortis,11.6,10.6,1991
1223,16143,fortis,11.4,10.1,1991
1224,16144,fortis,11.3,10.4,1991
1225,16145,fortis,10.8,9.4,1991
1226,16146,fortis,11.2,10.1,1991
1227,16148,fortis,10.8,9.5,1991
1228,16149,fortis,11.5,9.8,1991
1229,16150,fortis,11.65,10.3,1991
1230,16165,fortis,9.7,8.0,1991
1231,16167,fortis,10.55,8.85,1991
1232,16173,fortis,11.13,9.7,1991
1233,16176,fortis,10.9,9.6,1991
1234,16184,fortis,11.05,9.25,1991
1235,16190,fortis,10.7,9.2,1991
1236,16197,fortis,10.7,9.2,1991
1237,16301,fortis,10.4,9.1,1991
1238,16306,fortis,11.3,10.2,1991
1239,16309,fortis,10.9,8.6,1991
1240,16310,fortis,11.0,9.0,1991
1241,16315,fortis,10.9,8.8,1991
1242,16316,fortis,10.8,8.1,1991
1243,16317,fortis,10.2,8.2,1991
1244,16319,fortis,10.8,9.0,1991
1245,16331,fortis,10.9,9.8,1991
1246,16333,fortis,10.2,9.1,1991
1247,16336,fortis,12.5,9.9,1991
1248,16337,fortis,11.3,9.2,1991
1249,16341,fortis,10.3,9.5,1991
1250,16344,fortis,9.4,8.5,1991
1251,16356,fortis,11.05,9.4,1991
1252,16360,fortis,10.7,9.4,1991
1253,16367,fortis,9.7,8.6,1991
1254,16374,fortis,10.6,9.0,1991
1255,16378,fortis,11.55,9.8,1991
1256,16380,fortis,11.0,9.2,1991
1257,16385,fortis,10.8,8.8,1991
1258,16386,fortis,9.53,8.27,1991
1259,16387,fortis,11.9,10.3,1991
1260,16391,fortis,10.6,9.2,1991
1261,16394,fortis,10.8,9.6,1991
1262,16395,fortis,11.05,9.8,1991
1263,16396,fortis,12.5,10.3,1991
1264,16398,fortis,12.1,9.8,1991
1265,16507,fortis,10.9,10.1,1991
1266,16511,fortis,10.7,9.3,1991
1267,16514,fortis,10.8,9.5,1991
1268,16518,fortis,12.0,10.0,1991
1269,16531,fortis,11.65,9.95,1991
1270,16549,fortis,10.6,9.0,1991
1271,16550,fortis,10.75,9.05,1991
1272,16551,fortis,11.1,9.0,1991
1273,16553,fortis,10.9,9.2,1991
1274,16554,fortis,10.9,10.4,1991
1275,16559,fortis,11.3,9.9,1991
1276,16560,fortis,11.6,9.6,1991
1277,16564,fortis,12.1,10.3,1991
1278,16565,fortis,12.1,10.0,1991
1279,16566,fortis,12.0,10.2,1991
1280,16575,fortis,11.6,10.5,1991
1281,16579,fortis,11.8,10.4,1991
1282,16580,fortis,11.3,9.3,1991
1283,16583,fortis,10.3,8.5,1991
1284,16590,fortis,9.6,7.7,1991
1285,16594,fortis,11.5,9.9,1991
1286,16595,fortis,11.9,10.3,1991
1287,16596,fortis,11.8,10.5,1991
1288,16597,fortis,10.1,8.8,1991
1289,16598,fortis,9.9,8.8,1991
1290,16803,fortis,12.1,9.85,1991
1291,16805,fortis,11.3,9.5,1991
1292,16807,fortis,9.7,7.5,1991
1293,16808,fortis,11.15,9.45,1991
1294,16810,fortis,10.65,9.1,1991
1295,16811,fortis,9.9,7.5,1991
1296,16815,fortis,10.3,8.9,1991
1297,16816,fortis,11.4,9.8,1991
1298,16817,fortis,11.7,9.7,1991
1299,16818,fortis,11.3,10.1,1991
1300,16833,fortis,11.8,9.4,1991
1301,16834,fortis,11.55,9.0,1991
1302,16836,fortis,12.3,9.9,1991
1303,16840,fortis,10.9,9.0,1991
1304,16851,fortis,10.3,8.6,1991
1305,16858,fortis,11.5,9.4,1991
1306,16859,fortis,10.4,8.65,1991
1307,16861,fortis,10.1,8.7,1991
1308,16869,fortis,11.75,9.65,1991
1309,16875,fortis,10.1,8.1,1991
1310,16889,fortis,9.55,7.8,1991
1311,16891,fortis,9.7,8.0,1991
1312,16895,fortis,10.0,8.3,1991
1313,17010,fortis,11.3,8.9,1991
1314,17013,fortis,11.0,9.3,1991
1315,17014,fortis,10.0,8.2,1991
1316,17033,fortis,10.6,9.3,1991
1317,17037,fortis,10.77,9.03,1991
1318,17048,fortis,10.0,8.3,1991
1319,17057,fortis,12.3,10.1,1991
1320,17061,fortis,10.7,10.0,1991
1321,17063,fortis,9.85,8.6,1991
1322,17067,fortis,10.8,9.1,1991
1323,17070,fortis,10.6,9.2,1991
1324,17073,fortis,10.6,8.53,1991
1325,17075,fortis,10.7,9.0,1991
1326,17083,fortis,10.4,9.6,1991
1327,17095,fortis,10.7,8.9,1991
1328,17109,fortis,10.0,9.0,1991
1329,17111,fortis,9.7,8.7,1991
1330,17113,fortis,9.7,8.6,1991
1331,17114,fortis,10.5,8.6,1991
1332,17116,fortis,10.7,9.3,1991
1333,17136,fortis,11.0,9.1,1991
1334,17145,fortis,11.0,9.9,1991
1335,17160,fortis,10.9,9.3,1991
1336,17168,fortis,10.7,8.3,1991
1337,17179,fortis,9.73,8.37,1991
1338,17188,fortis,9.0,7.9,1991
1339,17301,fortis,9.4,9.2,1991
1340,17307,fortis,8.8,8.0,1991
1341,17310,fortis,8.9,7.9,1991
1342,17311,fortis,10.8,8.7,1991
1343,17315,fortis,11.3,9.0,1991
1344,17344,fortis,10.6,9.6,1991
1345,17360,fortis,11.1,9.8,1991
1346,17367,fortis,12.0,10.2,1991
1347,17369,fortis,13.0,11.2,1991
1348,17379,fortis,10.6,8.6,1991
1349,17380,fortis,11.85,9.2,1991
1350,17381,fortis,10.9,8.5,1991
1351,17384,fortis,11.5,10.3,1991
1352,17386,fortis,11.1,9.9,1991
1353,17388,fortis,11.9,10.2,1991
1354,17395,fortis,11.7,10.0,1991
1355,17403,fortis,9.7,8.0,1991
1356,17410,fortis,11.8,10.4,1991
1357,17411,fortis,10.0,9.1,1991
1358,17415,fortis,10.13,8.7,1991
1359,17416,fortis,10.7,9.1,1991
1360,17418,fortis,10.8,8.9,1991
1361,17419,fortis,10.6,9.0,1991
1362,17436,fortis,10.7,8.3,1991
1363,17439,fortis,11.4,9.7,1991
1364,17440,fortis,11.1,9.2,1991
1365,17443,fortis,11.0,8.8,1991
1366,17460,fortis,11.47,10.0,1991
1367,17461,fortis,10.2,9.0,1991
1368,17464,fortis,11.0,9.7,1991
1369,17466,fortis,10.6,9.6,1991
1370,17467,fortis,11.7,9.5,1991
1371,17468,fortis,10.7,8.8,1991
1372,17480,fortis,9.8,7.5,1991
1373,17483,fortis,10.1,7.8,1991
1374,17485,fortis,10.9,9.0,1991
1375,17490,fortis,10.7,9.9,1991
1376,17491,fortis,10.6,8.9,1991
1377,17493,fortis,11.6,10.5,1991
1378,17494,fortis,11.9,10.7,1991
1379,17496,fortis,12.4,10.0,1991
1380,17497,fortis,11.0,9.0,1991
1381,17498,fortis,10.6,9.7,1991
1382,17500,fortis,10.0,8.9,1991
1383,17503,fortis,9.8,7.9,1991
1384,17534,fortis,10.15,8.95,1991
1385,17551,fortis,9.3,7.7,1991
1386,17559,fortis,11.8,9.8,1991
1387,17568,fortis,10.8,8.9,1991
1388,17573,fortis,9.9,9.0,1991
1389,17583,fortis,9.9,8.4,1991
1390,17589,fortis,11.5,10.4,1991
1391,17603,fortis,10.5,9.17,1991
1392,17605,fortis,11.2,9.1,1991
1393,17615,fortis,12.4,9.4,1991
1394,17617,fortis,10.1,8.2,1991
1395,17618,fortis,10.85,8.1,1991
1396,17634,fortis,10.75,8.85,1991
1397,17638,fortis,8.9,6.9,1991
1398,17639,fortis,10.0,8.9,1991
1399,17641,fortis,11.2,9.5,1991
1400,17643,fortis,11.0,8.7,1991
1401,17646,fortis,12.3,9.9,1991
1402,17647,fortis,11.6,10.2,1991
1403,17648,fortis,11.1,9.4,1991
1404,17649,fortis,11.7,10.6,1991
1405,17653,fortis,11.0,8.4,1991
1406,17654,fortis,10.8,8.6,1991
1407,17656,fortis,9.5,8.2,1991
1408,17659,fortis,10.8,8.8,1991
1409,17664,fortis,10.5,9.2,1991
1410,17665,fortis,9.5,8.1,1991
1411,17666,fortis,11.7,10.5,1991
1412,17668,fortis,11.0,9.5,1991
1413,17677,fortis,10.6,9.0,1991
1414,17693,fortis,10.5,8.8,1991
1415,17696,fortis,11.1,10.1,1991
1416,17697,fortis,10.9,9.6,1991
1417,17698,fortis,10.7,9.6,1991
1418,17699,fortis,10.8,9.5,1991
1419,17717,fortis,11.55,9.65,1991
1420,17733,fortis,10.7,9.4,1991
1421,17734,fortis,11.3,10.0,1991
1422,17735,fortis,10.6,8.8,1991
1423,17738,fortis,10.4,9.9,1991
1424,17740,fortis,10.7,8.7,1991
1425,17754,fortis,9.8,9.0,1991
1426,17759,fortis,11.6,9.7,1991
1427,17768,fortis,10.1,8.4,1991
1428,17771,fortis,11.7,9.8,1991
1429,17786,fortis,11.7,9.6,1991
1430,17791,fortis,10.8,9.8,1991
1431,17797,fortis,10.3,8.5,1991
1432,17798,fortis,10.65,8.85,1991
1433,17800,fortis,10.8,8.9,1991
1434,17803,fortis,10.7,9.2,1991
1435,17907,fortis,10.7,9.0,1991
1436,17908,fortis,10.2,8.8,1991
1437,17916,fortis,9.7,7.4,1991
1438,17934,fortis,10.4,8.7,1991
1439,17936,fortis,11.5,9.0,1991
1440,17940,fortis,11.1,9.8,1991
1441,17954,fortis,10.3,9.2,1991
1442,17955,fortis,11.5,10.0,1991
1443,17964,fortis,10.9,9.5,1991
1444,17969,fortis,9.9,8.8,1991
1445,17971,fortis,10.8,8.8,1991
1446,17974,fortis,10.1,9.0,1991
1447,17983,fortis,10.9,9.0,1991
1448,17986,fortis,11.2,9.0,1991
1449,17991,fortis,12.7,10.65,1991
1450,17993,fortis,11.8,10.5,1991
1451,17999,fortis,11.5,9.5,1991
1452,2760,scandens,14.2,9.25,1991
1453,3425,scandens,14.9,8.8,1991
1454,4090,scandens,14.95,9.26,1991
1455,4137,scandens,15.8,10.0,1991
1456,4223,scandens,15.07,8.77,1991
1457,4683,scandens,13.6,9.13,1991
1458,4706,scandens,14.8,9.5,1991
1459,4778,scandens,13.7,9.3,1991
1460,5351,scandens,13.6,8.95,1991
1461,5582,scandens,15.07,8.87,1991
1462,5608,scandens,15.8,9.7,1991
1463,5656,scandens,14.9,9.7,1991
1464,10001,scandens,13.43,8.41,1991
1465,10002,scandens,14.64,9.21,1991
1466,10061,scandens,15.2,9.6,1991
1467,10105,scandens,14.9,9.4,1991
1468,10174,scandens,15.2,9.25,1991
1469,10206,scandens,13.43,9.3,1991
1470,10223,scandens,15.2,9.8,1991
1471,10268,scandens,14.53,9.43,1991
1472,10394,scandens,12.07,9.0,1991
1473,10740,scandens,14.75,9.3,1991
1474,13256,scandens,15.35,9.85,1991
1475,13257,scandens,14.47,9.62,1991
1476,13548,scandens,14.3,9.0,1991
1477,14208,scandens,12.73,9.52,1991
1478,14524,scandens,15.3,9.9,1991
1479,14576,scandens,13.8,8.6,1991
1480,14584,scandens,15.04,9.21,1991
1481,14646,scandens,14.3,9.38,1991
1482,14728,scandens,14.29,9.37,1991
1483,14731,scandens,14.04,9.02,1991
1484,14755,scandens,13.6,8.9,1991
1485,14758,scandens,13.84,8.91,1991
1486,14759,scandens,14.04,9.06,1991
1487,14786,scandens,13.7,8.4,1991
1488,14830,scandens,14.7,8.7,1991
1489,14834,scandens,13.75,8.7,1991
1490,14835,scandens,14.09,8.91,1991
1491,14847,scandens,15.3,10.1,1991
1492,14877,scandens,15.2,10.27,1991
1493,14946,scandens,14.9,9.65,1991
1494,14975,scandens,13.95,9.28,1991
1495,14995,scandens,14.2,9.2,1991
1496,15235,scandens,14.04,7.96,1991
1497,15237,scandens,13.0,8.3,1991
1498,15406,scandens,14.2,8.9,1991
1499,15419,scandens,14.9,8.6,1991
1500,15441,scandens,14.6,9.1,1991
1501,15476,scandens,13.6,8.6,1991
1502,15615,scandens,14.63,9.37,1991
1503,15638,scandens,14.35,9.2,1991
1504,15639,scandens,14.2,9.1,1991
1505,15658,scandens,14.45,9.85,1991
1506,15685,scandens,13.84,9.02,1991
1507,15694,scandens,13.14,9.51,1991
1508,15704,scandens,12.34,8.81,1991
1509,15718,scandens,10.75,7.77,1991
1510,15721,scandens,11.89,8.96,1991
1511,15725,scandens,11.5,8.8,1991
1512,15736,scandens,15.0,9.1,1991
1513,15760,scandens,14.34,9.01,1991
1514,15765,scandens,13.85,8.9,1991
1515,15798,scandens,13.15,8.4,1991
1516,15812,scandens,14.85,9.25,1991
1517,15817,scandens,14.77,9.73,1991
1518,15837,scandens,14.45,9.2,1991
1519,15859,scandens,14.57,8.95,1991
1520,15901,scandens,14.5,8.7,1991
1521,15986,scandens,14.17,8.72,1991
1522,16100,scandens,14.3,9.6,1991
1523,16109,scandens,14.0,9.3,1991
1524,16113,scandens,14.9,10.4,1991
1525,16183,scandens,14.0,8.9,1991
1526,16195,scandens,11.8,9.3,1991
1527,16568,scandens,12.15,8.4,1991
1528,16569,scandens,12.7,8.6,1991
1529,16585,scandens,13.7,8.9,1991
1530,16600,scandens,15.0,10.1,1991
1531,16873,scandens,14.4,8.9,1991
1532,17001,scandens,12.8,8.8,1991
1533,17004,scandens,14.05,9.25,1991
1534,17099,scandens,13.3,8.6,1991
1535,17140,scandens,13.1,8.7,1991
1536,17143,scandens,12.9,8.4,1991
1537,17153,scandens,14.8,9.5,1991
1538,17176,scandens,14.15,8.65,1991
1539,17305,scandens,14.4,9.0,1991
1540,17353,scandens,14.6,9.0,1991
1541,17374,scandens,13.0,8.5,1991
1542,17474,scandens,14.6,9.75,1991
1543,17475,scandens,13.8,9.1,1991
1544,17504,scandens,13.9,9.3,1991
1545,17505,scandens,13.6,8.6,1991
1546,17548,scandens,13.9,9.0,1991
1547,17658,scandens,14.3,9.1,1991
1548,17673,scandens,14.7,8.2,1991
1549,17674,scandens,13.5,8.1,1991
1550,17685,scandens,14.0,9.4,1991
1551,17764,scandens,13.1,9.0,1991
1552,17779,scandens,12.9,8.8,1991
1553,17788,scandens,14.6,10.1,1991
1554,17795,scandens,13.3,8.8,1991
1555,17901,scandens,14.8,9.5,1991
1556,17915,scandens,11.8,8.3,1991
1557,17930,scandens,12.8,8.7,1991
1558,17939,scandens,12.6,8.6,1991
1559,17947,scandens,11.8,7.9,1991
1560,17950,scandens,10.3,8.7,1991
1561,17953,scandens,11.1,9.5,1991
1562,17956,scandens,13.7,9.0,1991
1563,17963,scandens,13.8,8.9,1991
1564,2,fortis,9.4,8.0,1975
1565,9,fortis,9.2,8.3,1975
1566,12,fortis,9.5,7.5,1975
1567,15,fortis,9.5,8.0,1975
1568,305,fortis,11.5,9.9,1975
1569,307,fortis,11.1,8.6,1975
1570,308,fortis,9.9,8.4,1975
1571,309,fortis,11.5,9.8,1975
1572,311,fortis,10.8,9.2,1975
1573,312,fortis,11.3,9.0,1975
1574,313,fortis,11.5,9.5,1975
1575,314,fortis,11.5,8.9,1975
1576,315,fortis,9.7,8.8,1975
1577,316,fortis,10.9,9.7,1975
1578,320,fortis,10.1,8.9,1975
1579,321,fortis,10.6,8.5,1975
1580,323,fortis,9.6,8.2,1975
1581,324,fortis,10.3,9.3,1975
1582,326,fortis,10.5,9.1,1975
1583,328,fortis,10.5,8.8,1975
1584,329,fortis,10.9,9.4,1975
1585,330,fortis,11.2,9.6,1975
1586,340,fortis,9.4,8.5,1975
1587,341,fortis,10.1,8.1,1975
1588,342,fortis,9.6,8.0,1975
1589,343,fortis,10.5,9.7,1975
1590,344,fortis,9.9,8.2,1975
1591,345,fortis,9.9,8.4,1975
1592,346,fortis,9.6,7.9,1975
1593,347,fortis,10.7,9.3,1975
1594,348,fortis,11.8,10.5,1975
1595,349,fortis,10.2,9.7,1975
1596,350,fortis,10.9,9.6,1975
1597,352,fortis,9.3,7.7,1975
1598,354,fortis,11.6,9.8,1975
1599,355,fortis,11.2,9.8,1975
1600,356,fortis,10.1,8.5,1975
1601,360,fortis,10.7,9.2,1975
1602,366,fortis,11.0,10.1,1975
1603,368,fortis,10.8,9.0,1975
1604,369,fortis,10.2,9.0,1975
1605,401,fortis,10.8,9.4,1975
1606,402,fortis,10.4,8.8,1975
1607,403,fortis,11.2,9.9,1975
1608,405,fortis,11.4,9.9,1975
1609,410,fortis,10.9,8.9,1975
1610,411,fortis,10.4,9.4,1975
1611,413,fortis,9.7,8.2,1975
1612,414,fortis,10.2,8.2,1975
1613,415,fortis,9.2,8.1,1975
1614,416,fortis,10.1,8.4,1975
1615,417,fortis,11.0,10.1,1975
1616,418,fortis,10.3,8.6,1975
1617,419,fortis,10.2,8.5,1975
1618,420,fortis,11.0,9.7,1975
1619,422,fortis,11.0,10.3,1975
1620,423,fortis,10.1,8.6,1975
1621,424,fortis,10.7,9.3,1975
1622,425,fortis,10.7,8.9,1975
1623,426,fortis,11.0,9.7,1975
1624,427,fortis,12.0,10.2,1975
1625,428,fortis,11.6,10.2,1975
1626,450,fortis,9.9,8.5,1975
1627,451,fortis,10.8,8.8,1975
1628,452,fortis,10.5,8.9,1975
1629,453,fortis,10.0,8.7,1975
1630,454,fortis,9.6,9.3,1975
1631,455,fortis,11.0,9.7,1975
1632,456,fortis,10.2,9.6,1975
1633,457,fortis,9.7,7.85,1975
1634,458,fortis,11.1,9.6,1975
1635,459,fortis,10.4,9.3,1975
1636,461,fortis,11.1,9.8,1975
1637,462,fortis,10.2,8.8,1975
1638,463,fortis,10.3,9.1,1975
1639,465,fortis,9.9,9.0,1975
1640,466,fortis,11.0,10.4,1975
1641,468,fortis,10.8,9.0,1975
1642,473,fortis,10.5,9.5,1975
1643,474,fortis,10.5,8.7,1975
1644,475,fortis,11.2,9.6,1975
1645,476,fortis,11.2,9.4,1975
1646,477,fortis,11.7,9.5,1975
1647,479,fortis,10.5,8.6,1975
1648,501,fortis,10.5,9.9,1975
1649,502,fortis,11.2,9.4,1975
1650,503,fortis,10.0,9.1,1975
1651,504,fortis,10.4,8.6,1975
1652,505,fortis,10.8,9.3,1975
1653,506,fortis,11.1,9.2,1975
1654,507,fortis,10.3,8.8,1975
1655,509,fortis,11.1,9.2,1975
1656,510,fortis,9.8,8.3,1975
1657,511,fortis,10.5,8.8,1975
1658,512,fortis,11.0,9.4,1975
1659,513,fortis,11.2,10.4,1975
1660,514,fortis,9.8,8.5,1975
1661,515,fortis,9.8,7.9,1975
1662,516,fortis,9.8,7.9,1975
1663,517,fortis,10.3,10.1,1975
1664,518,fortis,11.3,9.8,1975
1665,519,fortis,10.0,8.3,1975
1666,520,fortis,11.1,9.4,1975
1667,521,fortis,10.0,9.0,1975
1668,522,fortis,10.3,8.4,1975
1669,524,fortis,10.2,8.7,1975
1670,526,fortis,10.4,9.2,1975
1671,527,fortis,11.0,9.5,1975
1672,528,fortis,11.5,10.1,1975
1673,529,fortis,11.8,9.8,1975
1674,560,fortis,10.2,8.5,1975
1675,561,fortis,11.7,10.2,1975
1676,563,fortis,10.1,8.6,1975
1677,564,fortis,10.2,9.3,1975
1678,565,fortis,9.8,8.7,1975
1679,566,fortis,10.6,8.9,1975
1680,567,fortis,10.0,8.4,1975
1681,572,fortis,12.1,10.3,1975
1682,574,fortis,11.1,9.9,1975
1683,576,fortis,10.5,8.9,1975
1684,578,fortis,10.0,9.1,1975
1685,579,fortis,10.2,8.6,1975
1686,601,fortis,9.7,7.8,1975
1687,602,fortis,10.0,8.6,1975
1688,603,fortis,10.7,9.5,1975
1689,604,fortis,11.0,9.5,1975
1690,605,fortis,10.9,10.2,1975
1691,606,fortis,10.5,9.1,1975
1692,607,fortis,10.9,9.7,1975
1693,608,fortis,10.7,9.4,1975
1694,609,fortis,11.9,10.5,1975
1695,610,fortis,10.2,9.0,1975
1696,611,fortis,10.5,9.8,1975
1697,615,fortis,11.2,10.0,1975
1698,616,fortis,10.7,9.6,1975
1699,617,fortis,10.3,9.6,1975
1700,618,fortis,11.6,9.9,1975
1701,619,fortis,10.5,9.3,1975
1702,620,fortis,10.9,9.6,1975
1703,621,fortis,9.8,7.6,1975
1704,622,fortis,10.9,9.2,1975
1705,623,fortis,10.3,8.8,1975
1706,624,fortis,11.7,10.1,1975
1707,625,fortis,11.0,8.9,1975
1708,626,fortis,9.8,9.5,1975
1709,627,fortis,10.4,8.2,1975
1710,628,fortis,10.8,9.7,1975
1711,629,fortis,11.0,9.8,1975
1712,670,fortis,10.6,9.3,1975
1713,671,fortis,11.3,9.8,1975
1714,672,fortis,10.1,8.8,1975
1715,673,fortis,11.4,10.1,1975
1716,674,fortis,11.8,10.5,1975
1717,675,fortis,9.9,8.6,1975
1718,676,fortis,11.0,9.7,1975
1719,677,fortis,10.8,10.0,1975
1720,678,fortis,11.3,9.7,1975
1721,679,fortis,11.1,10.5,1975
1722,680,fortis,11.0,10.4,1975
1723,681,fortis,10.4,9.2,1975
1724,682,fortis,9.1,8.1,1975
1725,683,fortis,10.8,9.4,1975
1726,684,fortis,10.6,8.9,1975
1727,685,fortis,8.7,8.2,1975
1728,686,fortis,10.7,9.3,1975
1729,687,fortis,10.3,8.6,1975
1730,688,fortis,10.5,9.0,1975
1731,689,fortis,9.1,7.6,1975
1732,701,fortis,9.5,8.7,1975
1733,702,fortis,10.8,9.8,1975
1734,703,fortis,10.6,9.4,1975
1735,704,fortis,9.9,9.9,1975
1736,705,fortis,11.5,10.1,1975
1737,706,fortis,11.2,9.8,1975
1738,707,fortis,9.7,7.9,1975
1739,708,fortis,12.2,10.8,1975
1740,709,fortis,9.2,7.9,1975
1741,710,fortis,10.5,10.0,1975
1742,711,fortis,10.5,8.4,1975
1743,712,fortis,10.8,9.5,1975
1744,713,fortis,10.7,8.8,1975
1745,714,fortis,11.8,10.4,1975
1746,715,fortis,9.1,8.1,1975
1747,716,fortis,10.1,9.8,1975
1748,717,fortis,10.0,8.2,1975
1749,719,fortis,11.0,9.5,1975
1750,720,fortis,12.2,10.5,1975
1751,721,fortis,11.4,9.7,1975
1752,723,fortis,10.9,9.6,1975
1753,725,fortis,10.6,9.6,1975
1754,726,fortis,9.3,7.9,1975
1755,780,fortis,10.9,10.1,1975
1756,781,fortis,10.6,9.3,1975
1757,785,fortis,11.0,10.3,1975
1758,786,fortis,9.0,7.9,1975
1759,787,fortis,11.0,9.1,1975
1760,788,fortis,10.4,8.9,1975
1761,789,fortis,10.4,8.3,1975
1762,790,fortis,9.6,9.4,1975
1763,801,fortis,10.6,9.5,1975
1764,802,fortis,10.1,8.5,1975
1765,803,fortis,9.7,8.6,1975
1766,804,fortis,9.6,8.5,1975
1767,805,fortis,10.1,8.2,1975
1768,807,fortis,9.9,7.9,1975
1769,808,fortis,11.0,10.0,1975
1770,809,fortis,10.9,9.4,1975
1771,810,fortis,9.7,8.0,1975
1772,811,fortis,10.0,8.6,1975
1773,812,fortis,10.4,9.0,1975
1774,813,fortis,11.6,9.9,1975
1775,814,fortis,9.6,8.0,1975
1776,815,fortis,10.8,9.6,1975
1777,817,fortis,10.9,9.2,1975
1778,818,fortis,10.2,9.0,1975
1779,819,fortis,10.4,9.2,1975
1780,820,fortis,11.0,9.5,1975
1781,821,fortis,10.7,9.2,1975
1782,822,fortis,11.1,9.7,1975
1783,823,fortis,10.8,9.1,1975
1784,824,fortis,10.9,9.4,1975
1785,825,fortis,9.9,8.6,1975
1786,826,fortis,11.8,9.8,1975
1787,827,fortis,9.7,8.0,1975
1788,828,fortis,11.9,10.4,1975
1789,829,fortis,9.6,8.1,1975
1790,830,fortis,10.9,9.9,1975
1791,831,fortis,10.2,8.6,1975
1792,891,fortis,9.9,8.0,1975
1793,892,fortis,11.3,9.0,1975
1794,893,fortis,10.9,9.7,1975
1795,894,fortis,9.8,8.1,1975
1796,895,fortis,10.3,8.8,1975
1797,896,fortis,8.8,7.5,1975
1798,897,fortis,11.6,10.2,1975
1799,898,fortis,9.9,8.2,1975
1800,899,fortis,9.9,8.6,1975
1801,900,fortis,9.9,8.7,1975
1802,902,fortis,10.4,8.6,1975
1803,903,fortis,11.2,9.9,1975
1804,904,fortis,10.8,9.5,1975
1805,905,fortis,9.9,8.4,1975
1806,906,fortis,9.9,8.7,1975
1807,907,fortis,10.2,8.2,1975
1808,908,fortis,10.4,9.2,1975
1809,909,fortis,9.4,8.2,1975
1810,910,fortis,10.2,9.2,1975
1811,911,fortis,11.0,9.3,1975
1812,912,fortis,10.6,8.9,1975
1813,913,fortis,10.5,9.0,1975
1814,914,fortis,10.4,9.1,1975
1815,915,fortis,10.2,8.8,1975
1816,917,fortis,10.2,8.8,1975
1817,919,fortis,11.0,9.6,1975
1818,921,fortis,11.1,10.2,1975
1819,922,fortis,9.7,8.2,1975
1820,923,fortis,10.5,8.9,1975
1821,924,fortis,10.9,9.0,1975
1822,925,fortis,10.7,8.8,1975
1823,926,fortis,11.0,9.9,1975
1824,927,fortis,10.9,9.3,1975
1825,928,fortis,11.2,9.9,1975
1826,929,fortis,11.5,9.5,1975
1827,930,fortis,10.8,10.0,1975
1828,931,fortis,10.2,8.9,1975
1829,932,fortis,11.0,9.8,1975
1830,933,fortis,10.9,9.9,1975
1831,934,fortis,10.5,8.7,1975
1832,936,fortis,10.8,9.2,1975
1833,941,fortis,9.8,8.2,1975
1834,942,fortis,9.7,7.9,1975
1835,943,fortis,10.3,9.1,1975
1836,944,fortis,10.3,8.3,1975
1837,945,fortis,11.6,10.8,1975
1838,951,fortis,10.9,9.9,1975
1839,952,fortis,10.6,9.0,1975
1840,954,fortis,11.5,9.3,1975
1841,991,fortis,10.8,9.6,1975
1842,1040,fortis,10.83,9.3,1975
1843,1368,fortis,11.73,10.2,1975
1844,1420,fortis,10.23,8.6,1975
1845,1433,fortis,11.83,10.98,1975
1846,1560,fortis,11.43,10.28,1975
1847,1581,fortis,10.73,9.6,1975
1848,1770,fortis,10.33,9.28,1975
1849,1857,fortis,10.23,9.5,1975
1850,1860,fortis,11.53,9.4,1975
1851,1884,fortis,11.03,9.15,1975
1852,2102,fortis,11.73,9.8,1975
1853,2105,fortis,10.53,9.35,1975
1854,2220,fortis,9.93,8.5,1975
1855,2381,fortis,11.23,10.5,1975
1856,2482,fortis,9.83,8.5,1975
1857,2939,fortis,9.63,8.31,1975
1858,2955,fortis,10.6,9.9,1975
1859,2974,fortis,11.88,10.36,1975
1860,3642,fortis,11.03,10.28,1975
1861,8016,fortis,10.73,8.9,1975
1862,8020,fortis,10.13,8.7,1975
1863,20139,fortis,10.15,9.15,1975
1864,20165,fortis,10.85,10.35,1975
1865,20166,fortis,10.95,8.85,1975
1866,20168,fortis,9.85,8.55,1975
1867,20204,fortis,10.25,8.95,1975
1868,20238,fortis,11.75,10.75,1975
1869,20267,fortis,10.95,10.05,1975
1870,20273,fortis,10.95,10.15,1975
1871,20283,fortis,10.55,8.45,1975
1872,20285,fortis,9.65,8.85,1975
1873,20286,fortis,11.45,10.25,1975
1874,20293,fortis,10.25,9.75,1975
1875,20298,fortis,10.05,8.95,1975
1876,302,scandens,13.9,8.4,1975
1877,304,scandens,14.0,8.8,1975
1878,306,scandens,12.9,8.4,1975
1879,310,scandens,13.5,8.0,1975
1880,317,scandens,12.9,7.9,1975
1881,318,scandens,14.6,8.9,1975
1882,319,scandens,13.0,8.6,1975
1883,322,scandens,14.2,8.5,1975
1884,325,scandens,14.0,8.9,1975
1885,327,scandens,14.2,9.1,1975
1886,351,scandens,13.1,8.6,1975
1887,353,scandens,15.1,9.8,1975
1888,357,scandens,13.5,8.2,1975
1889,358,scandens,14.4,9.0,1975
1890,359,scandens,14.9,9.7,1975
1891,361,scandens,12.9,8.6,1975
1892,362,scandens,13.0,8.2,1975
1893,363,scandens,14.9,9.0,1975
1894,364,scandens,14.0,8.4,1975
1895,365,scandens,13.8,8.6,1975
1896,367,scandens,13.0,8.9,1975
1897,404,scandens,14.75,9.1,1975
1898,406,scandens,13.7,8.3,1975
1899,407,scandens,13.8,8.7,1975
1900,408,scandens,14.0,9.6,1975
1901,409,scandens,14.6,8.5,1975
1902,412,scandens,15.2,9.1,1975
1903,421,scandens,13.5,9.0,1975
1904,429,scandens,15.1,9.2,1975
1905,460,scandens,15.0,9.9,1975
1906,464,scandens,12.8,8.6,1975
1907,467,scandens,14.9,9.2,1975
1908,469,scandens,15.3,8.4,1975
1909,470,scandens,13.4,8.9,1975
1910,471,scandens,14.2,8.5,1975
1911,472,scandens,15.1,10.4,1975
1912,478,scandens,15.1,9.6,1975
1913,508,scandens,14.0,9.1,1975
1914,523,scandens,13.6,9.3,1975
1915,525,scandens,14.0,9.3,1975
1916,562,scandens,14.0,8.8,1975
1917,568,scandens,13.9,8.3,1975
1918,569,scandens,14.0,8.8,1975
1919,570,scandens,14.9,9.1,1975
1920,571,scandens,15.6,10.1,1975
1921,573,scandens,13.8,8.9,1975
1922,575,scandens,14.4,9.2,1975
1923,577,scandens,12.8,8.5,1975
1924,612,scandens,14.2,10.2,1975
1925,613,scandens,13.4,10.1,1975
1926,614,scandens,14.0,9.2,1975
1927,718,scandens,14.8,9.7,1975
1928,722,scandens,14.2,9.1,1975
1929,724,scandens,13.5,8.5,1975
1930,727,scandens,13.4,8.2,1975
1931,728,scandens,14.6,9.0,1975
1932,729,scandens,13.5,9.3,1975
1933,782,scandens,13.7,8.0,1975
1934,783,scandens,13.9,9.1,1975
1935,784,scandens,13.1,8.1,1975
1936,806,scandens,13.4,8.3,1975
1937,816,scandens,13.8,8.7,1975
1938,890,scandens,13.6,8.8,1975
1939,901,scandens,14.0,8.6,1975
1940,916,scandens,13.5,8.7,1975
1941,918,scandens,12.8,8.0,1975
1942,920,scandens,14.0,8.8,1975
1943,935,scandens,13.4,9.0,1975
1944,953,scandens,14.9,9.1,1975
1945,1014,scandens,15.54,9.74,1975
1946,1642,scandens,14.63,9.1,1975
1947,1748,scandens,14.73,9.8,1975
1948,1841,scandens,15.73,10.4,1975
1949,1842,scandens,14.83,8.3,1975
1950,2084,scandens,15.94,9.44,1975
1951,2397,scandens,15.14,9.04,1975
1952,8110,scandens,14.23,9.0,1975
1953,20122,scandens,14.15,9.05,1975
1954,20151,scandens,14.35,9.65,1975
1955,20188,scandens,14.95,9.45,1975
1956,20210,scandens,13.95,8.65,1975
1957,20223,scandens,14.05,9.45,1975
1958,20225,scandens,14.55,9.45,1975
1959,20252,scandens,14.05,9.05,1975
1960,20255,scandens,14.45,8.75,1975
1961,20266,scandens,15.05,9.45,1975
1962,20279,scandens,13.25,8.35,1975
1963,20123,fortis,9.25,8.05,1973
1964,20126,fortis,11.35,10.45,1973
1965,20128,fortis,10.15,9.55,1973
1966,20129,fortis,9.95,8.75,1973
1967,20133,fortis,11.55,10.15,1973
1968,20136,fortis,11.15,9.85,1973
1969,20138,fortis,10.05,8.85,1973
1970,20142,fortis,11.25,10.15,1973
1971,20143,fortis,9.15,8.15,1973
1972,20146,fortis,9.25,8.55,1973
1973,20149,fortis,11.75,10.65,1973
1974,20150,fortis,9.05,8.05,1973
1975,20152,fortis,11.15,9.75,1973
1976,20155,fortis,11.25,10.15,1973
1977,20156,fortis,10.45,9.85,1973
1978,20157,fortis,10.65,9.75,1973
1979,20163,fortis,10.05,8.35,1973
1980,20164,fortis,10.45,8.55,1973
1981,20169,fortis,11.45,10.25,1973
1982,20172,fortis,11.15,9.35,1973
1983,20174,fortis,10.95,10.15,1973
1984,20176,fortis,9.55,8.55,1973
1985,20177,fortis,10.65,8.85,1973
1986,20178,fortis,10.05,9.85,1973
1987,20181,fortis,11.25,10.75,1973
1988,20183,fortis,10.85,9.85,1973
1989,20203,fortis,10.05,8.45,1973
1990,20206,fortis,11.95,10.55,1973
1991,20211,fortis,9.85,8.35,1973
1992,20215,fortis,9.35,8.25,1973
1993,20217,fortis,12.05,10.95,1973
1994,20218,fortis,10.35,9.15,1973
1995,20219,fortis,10.65,8.85,1973
1996,20221,fortis,10.95,10.05,1973
1997,20229,fortis,10.25,9.55,1973
1998,20230,fortis,12.65,12.15,1973
1999,20233,fortis,10.65,9.55,1973
2000,20235,fortis,10.75,9.75,1973
2001,20239,fortis,10.15,9.25,1973
2002,20243,fortis,10.25,9.05,1973
2003,20244,fortis,10.35,8.45,1973
2004,20246,fortis,10.55,9.55,1973
2005,20247,fortis,10.95,9.95,1973
2006,20249,fortis,11.65,10.65,1973
2007,20250,fortis,9.85,7.95,1973
2008,20253,fortis,11.15,10.65,1973
2009,20256,fortis,10.05,9.15,1973
2010,20258,fortis,11.15,10.05,1973
2011,20263,fortis,10.95,9.75,1973
2012,20268,fortis,11.05,10.05,1973
2013,20269,fortis,10.65,9.65,1973
2014,20271,fortis,10.85,9.45,1973
2015,20272,fortis,11.05,10.75,1973
2016,20275,fortis,11.05,9.85,1973
2017,20276,fortis,11.55,11.15,1973
2018,20277,fortis,11.25,10.85,1973
2019,20278,fortis,10.25,8.55,1973
2020,20282,fortis,11.05,10.25,1973
2021,20292,fortis,9.95,8.35,1973
2022,20296,fortis,10.65,9.15,1973
2023,20299,fortis,9.95,9.35,1973
2024,20301,fortis,11.05,10.15,1973
2025,20302,fortis,10.75,9.75,1973
2026,20306,fortis,11.75,10.75,1973
2027,20307,fortis,10.25,9.35,1973
2028,20308,fortis,9.45,8.65,1973
2029,20309,fortis,11.85,10.35,1973
2030,20310,fortis,10.95,10.55,1973
2031,20313,fortis,10.35,9.45,1973
2032,20317,fortis,10.15,8.85,1973
2033,20318,fortis,10.45,9.45,1973
2034,20320,fortis,11.35,9.85,1973
2035,20324,fortis,9.85,9.15,1973
2036,20121,scandens,15.15,9.35,1973
2037,20125,scandens,15.05,9.75,1973
2038,20135,scandens,14.45,8.35,1973
2039,20159,scandens,14.05,9.55,1973
2040,20160,scandens,14.25,8.55,1973
2041,20175,scandens,14.65,9.85,1973
2042,20182,scandens,15.45,10.65,1973
2043,20187,scandens,15.15,9.55,1973
2044,20200,scandens,14.95,9.85,1973
2045,20207,scandens,13.65,9.75,1973
2046,20220,scandens,14.65,7.95,1973
2047,20224,scandens,15.65,9.95,1973
2048,20245,scandens,14.05,9.55,1973
2049,20254,scandens,13.85,9.15,1973
2050,20259,scandens,14.95,10.45,1973
2051,20274,scandens,13.15,9.15,1973
2052,19022,fortis,10.0,8.5,2012
2053,19028,fortis,12.5,8.9,2012
2054,19032,fortis,9.3,7.5,2012
2055,19041,fortis,10.3,9.6,2012
2056,19044,fortis,11.0,9.2,2012
2057,19048,fortis,10.1,8.2,2012
2058,19072,fortis,9.6,7.8,2012
2059,19082,fortis,10.9,8.6,2012
2060,19104,fortis,10.3,8.4,2012
2061,19114,fortis,9.8,7.7,2012
2062,19121,fortis,10.1,8.0,2012
2063,19126,fortis,10.4,8.7,2012
2064,19146,fortis,9.6,8.1,2012
2065,19164,fortis,10.6,8.8,2012
2066,19174,fortis,10.6,9.4,2012
2067,19203,fortis,11.9,10.0,2012
2068,19210,fortis,11.3,9.6,2012
2069,19217,fortis,11.3,9.6,2012
2070,19224,fortis,9.7,8.1,2012
2071,19226,fortis,9.7,7.5,2012
2072,19252,fortis,10.1,8.4,2012
2073,19263,fortis,10.0,7.9,2012
2074,19274,fortis,10.0,8.3,2012
2075,19280,fortis,10.0,8.9,2012
2076,19288,fortis,11.5,9.1,2012
2077,19328,fortis,9.5,7.7,2012
2078,19349,fortis,11.2,8.3,2012
2079,19362,fortis,10.7,8.6,2012
2080,19372,fortis,10.0,8.4,2012
2081,19382,fortis,9.8,7.7,2012
2082,19384,fortis,10.9,9.1,2012
2083,19392,fortis,9.2,7.7,2012
2084,19394,fortis,10.2,9.0,2012
2085,19422,fortis,11.3,10.2,2012
2086,19439,fortis,10.3,8.1,2012
2087,19461,fortis,10.7,8.6,2012
2088,19482,fortis,10.0,8.4,2012
2089,19502,fortis,9.7,8.1,2012
2090,19511,fortis,9.9,8.0,2012
2091,19536,fortis,10.7,8.3,2012
2092,19563,fortis,11.0,10.3,2012
2093,19568,fortis,9.7,8.0,2012
2094,19602,fortis,10.5,8.8,2012
2095,19604,fortis,11.7,9.0,2012
2096,19614,fortis,10.8,9.3,2012
2097,19623,fortis,9.1,7.6,2012
2098,19627,fortis,10.9,8.2,2012
2099,19642,fortis,12.2,10.0,2012
2100,19649,fortis,10.9,8.2,2012
2101,19654,fortis,10.7,8.2,2012
2102,19674,fortis,10.4,8.3,2012
2103,19682,fortis,9.7,7.8,2012
2104,19712,fortis,10.3,8.0,2012
2105,19734,fortis,9.8,8.4,2012
2106,19746,fortis,10.6,9.3,2012
2107,19749,fortis,10.5,8.9,2012
2108,19774,fortis,12.5,9.7,2012
2109,19782,fortis,9.2,7.6,2012
2110,19815,fortis,10.1,9.0,2012
2111,19820,fortis,10.6,8.6,2012
2112,19821,fortis,11.5,8.9,2012
2113,19829,fortis,10.8,8.6,2012
2114,19832,fortis,10.5,8.8,2012
2115,19835,fortis,10.1,8.5,2012
2116,19840,fortis,10.7,9.2,2012
2117,19849,fortis,9.6,8.0,2012
2118,19874,fortis,10.7,9.4,2012
2119,19878,fortis,10.1,7.7,2012
2120,19889,fortis,10.0,8.4,2012
2121,19914,fortis,10.0,8.5,2012
2122,19921,fortis,10.4,9.0,2012
2123,19922,fortis,10.4,9.0,2012
2124,19928,fortis,11.7,9.3,2012
2125,19932,fortis,10.6,8.7,2012
2126,19942,fortis,11.5,8.1,2012
2127,19946,fortis,10.7,8.7,2012
2128,19947,fortis,10.4,7.9,2012
2129,19952,fortis,10.1,7.7,2012
2130,19974,fortis,10.8,8.4,2012
2131,19993,fortis,11.5,9.25,2012
2132,19994,fortis,11.1,8.1,2012
2133,21049,fortis,9.9,8.3,2012
2134,21052,fortis,10.5,8.5,2012
2135,21080,fortis,12.2,9.9,2012
2136,21082,fortis,10.9,8.4,2012
2137,21087,fortis,12.9,9.9,2012
2138,21088,fortis,9.7,7.2,2012
2139,21089,fortis,9.7,8.2,2012
2140,21090,fortis,10.0,8.2,2012
2141,21129,fortis,10.1,8.3,2012
2142,21160,fortis,10.2,8.4,2012
2143,21161,fortis,9.6,7.5,2012
2144,21162,fortis,9.9,8.2,2012
2145,21165,fortis,10.6,8.6,2012
2146,21169,fortis,9.8,8.2,2012
2147,21191,fortis,11.1,8.8,2012
2148,21244,fortis,10.0,8.5,2012
2149,21247,fortis,10.9,8.1,2012
2150,21249,fortis,10.0,8.3,2012
2151,21258,fortis,10.6,8.5,2012
2152,21259,fortis,10.7,8.1,2012
2153,21261,fortis,9.4,7.3,2012
2154,21262,fortis,10.1,8.0,2012
2155,21265,fortis,11.8,10.2,2012
2156,21266,fortis,12.2,11.1,2012
2157,21272,fortis,12.9,9.9,2012
2158,21273,fortis,10.1,8.7,2012
2159,21276,fortis,10.1,8.3,2012
2160,21277,fortis,9.0,7.8,2012
2161,21282,fortis,11.7,9.9,2012
2162,21283,fortis,10.9,10.3,2012
2163,21287,fortis,10.4,8.4,2012
2164,21293,fortis,12.7,8.7,2012
2165,21294,fortis,10.5,9.8,2012
2166,21296,fortis,9.6,8.7,2012
2167,21298,fortis,10.6,9.0,2012
2168,21299,fortis,10.4,7.8,2012
2169,21341,fortis,10.5,8.5,2012
2170,21343,fortis,10.1,8.2,2012
2171,21349,fortis,10.6,9.2,2012
2172,22000,fortis,10.6,9.0,2012
2173,19026,scandens,14.3,9.4,2012
2174,19029,scandens,13.7,9.5,2012
2175,19094,scandens,13.8,11.0,2012
2176,19122,scandens,12.0,8.7,2012
2177,19125,scandens,13.0,8.4,2012
2178,19129,scandens,13.0,9.1,2012
2179,19172,scandens,13.6,8.7,2012
2180,19182,scandens,12.8,10.2,2012
2181,19212,scandens,13.6,9.6,2012
2182,19214,scandens,12.95,8.85,2012
2183,19244,scandens,13.1,8.8,2012
2184,19251,scandens,13.4,9.5,2012
2185,19260,scandens,13.9,9.2,2012
2186,19270,scandens,12.3,9.0,2012
2187,19278,scandens,14.0,9.8,2012
2188,19289,scandens,12.5,9.3,2012
2189,19299,scandens,12.3,9.0,2012
2190,19312,scandens,13.9,10.2,2012
2191,19326,scandens,13.1,7.7,2012
2192,19343,scandens,12.5,9.0,2012
2193,19374,scandens,13.9,9.5,2012
2194,19401,scandens,13.7,9.4,2012
2195,19406,scandens,12.0,8.0,2012
2196,19408,scandens,14.4,8.9,2012
2197,19426,scandens,13.5,9.4,2012
2198,19430,scandens,13.8,9.5,2012
2199,19433,scandens,13.0,8.0,2012
2200,19438,scandens,14.9,10.0,2012
2201,19452,scandens,12.5,8.95,2012
2202,19466,scandens,12.3,8.2,2012
2203,19469,scandens,12.8,8.8,2012
2204,19486,scandens,13.4,9.2,2012
2205,19492,scandens,13.8,9.4,2012
2206,19493,scandens,13.5,9.5,2012
2207,19494,scandens,13.5,8.1,2012
2208,19495,scandens,13.4,9.5,2012
2209,19496,scandens,12.3,8.4,2012
2210,19497,scandens,14.35,9.3,2012
2211,19510,scandens,13.2,9.3,2012
2212,19513,scandens,13.8,9.6,2012
2213,19518,scandens,14.6,9.2,2012
2214,19526,scandens,14.3,10.0,2012
2215,19527,scandens,13.8,8.9,2012
2216,19528,scandens,13.6,10.5,2012
2217,19543,scandens,12.9,8.9,2012
2218,19553,scandens,13.0,8.6,2012
2219,19554,scandens,13.5,8.8,2012
2220,19573,scandens,13.2,9.15,2012
2221,19592,scandens,13.7,9.5,2012
2222,19594,scandens,13.1,9.1,2012
2223,19597,scandens,13.2,10.2,2012
2224,19598,scandens,12.6,8.4,2012
2225,19599,scandens,13.0,10.0,2012
2226,19619,scandens,13.9,10.2,2012
2227,19622,scandens,13.2,9.3,2012
2228,19652,scandens,15.0,10.8,2012
2229,19653,scandens,13.37,8.3,2012
2230,19664,scandens,11.4,7.8,2012
2231,19692,scandens,13.8,9.8,2012
2232,19720,scandens,13.0,7.9,2012
2233,19740,scandens,13.0,8.9,2012
2234,19747,scandens,13.1,7.7,2012
2235,19766,scandens,12.8,8.9,2012
2236,19783,scandens,13.3,9.4,2012
2237,19844,scandens,13.5,9.4,2012
2238,19848,scandens,12.4,8.5,2012
2239,19852,scandens,13.1,8.5,2012
2240,19854,scandens,14.0,9.6,2012
2241,19855,scandens,13.5,10.2,2012
2242,19868,scandens,11.8,8.8,2012
2243,19882,scandens,13.7,9.5,2012
2244,19900,scandens,13.2,9.3,2012
2245,19910,scandens,12.2,9.0,2012
2246,19936,scandens,13.0,9.2,2012
2247,19940,scandens,13.1,8.7,2012
2248,19941,scandens,14.7,9.0,2012
2249,19951,scandens,13.7,9.1,2012
2250,19955,scandens,13.5,8.7,2012
2251,19956,scandens,13.3,9.4,2012
2252,21040,scandens,14.1,9.8,2012
2253,21041,scandens,12.5,8.6,2012
2254,21045,scandens,13.7,10.6,2012
2255,21047,scandens,14.6,9.0,2012
2256,21053,scandens,14.1,9.5,2012
2257,21057,scandens,12.9,8.1,2012
2258,21070,scandens,13.9,9.3,2012
2259,21081,scandens,13.4,9.6,2012
2260,21092,scandens,13.0,8.5,2012
2261,21093,scandens,12.7,8.2,2012
2262,21106,scandens,12.1,8.0,2012
2263,21109,scandens,14.0,9.5,2012
2264,21111,scandens,14.9,9.7,2012
2265,21113,scandens,13.9,9.9,2012
2266,21131,scandens,12.9,9.1,2012
2267,21135,scandens,14.6,9.5,2012
2268,21136,scandens,14.0,9.8,2012
2269,21159,scandens,13.0,8.4,2012
2270,21167,scandens,12.7,8.3,2012
2271,21176,scandens,14.0,9.6,2012
2272,21248,scandens,14.1,9.4,2012
2273,21253,scandens,14.1,10.0,2012
2274,21255,scandens,13.0,8.9,2012
2275,21256,scandens,13.5,9.1,2012
2276,21257,scandens,13.4,9.8,2012
2277,21260,scandens,13.9,9.3,2012
2278,21263,scandens,13.1,9.9,2012
2279,21267,scandens,12.9,8.9,2012
2280,21268,scandens,14.0,8.5,2012
2281,21270,scandens,14.0,10.6,2012
2282,21271,scandens,14.1,9.3,2012
2283,21278,scandens,14.7,8.9,2012
2284,21279,scandens,13.4,8.9,2012
2285,21280,scandens,13.8,9.7,2012
2286,21281,scandens,13.4,9.8,2012
2287,21285,scandens,13.8,10.5,2012
2288,21286,scandens,12.4,8.4,2012
2289,21288,scandens,14.1,10.0,2012
2290,21289,scandens,12.9,9.0,2012
2291,21290,scandens,13.9,8.7,2012
2292,21291,scandens,14.3,8.8,2012
2293,21292,scandens,13.2,8.4,2012
2294,21295,scandens,14.2,9.3,2012
2295,21297,scandens,13.0,9.8,2012
2296,21340,scandens,14.6,8.9,2012
2297,21342,scandens,13.1,9.8,2012
2298,21347,scandens,15.2,9.1,2012
